x	n	u	Events
14.65	-75.77	-3.65	0.0
17.4	-78.28	2.36	0.0
16.04	-79.39	1.7	0.0
19.32	-77.8	-2.36	0.0
17.84	-76.72	4.22	0.0
14.6	-74.79	12.08	0.0
16.66	-77.0	-1.07	0.0
16.95	-79.04	-2.63	0.0
13.93	-79.9	0.9	0.0
16.29	-77.44	6.62	0.0
16.34	-79.19	-0.32	0.0
17.08	-78.41	-2.84	0.0
17.76	-80.24	-2.82	0.0
16.65	-79.56	-3.84	0.0
16.76	-77.39	4.79	0.0
16.95	-77.51	2.6	0.0
15.15	-77.27	2.79	0.0
16.47	-78.67	-4.6	0.0
16.49	-77.41	5.07	0.0
15.17	-79.41	3.26	0.0
20.03	-78.09	-2.66	0.0
18.07	-77.51	-4.9	0.0
16.28	-77.84	-0.18	0.0
14.31	-78.79	-1.56	0.0
14.68	-77.97	-3.01	0.0
14.89	-77.84	-5.81	0.0
15.6	-80.18	5.52	0.0
15.7	-77.59	1.45	0.0
15.09	-77.21	2.95	0.0
14.51	-78.08	-2.42	0.0
14.71	-78.42	-0.46	0.0
16.55	-77.26	-4.03	0.0
14.99	-76.1	0.14	0.0
15.65	-78.42	0.62	0.0
16.57	-77.74	-0.68	0.0
18.0	-77.84	3.94	0.0
17.43	-76.6	6.5	0.0
18.79	-77.88	5.72	0.0
19.24	-77.53	-0.44	0.0
22.06	-78.07	-3.79	0.0
20.34	-79.34	2.9	0.0
20.39	-78.17	4.16	0.0
19.44	-78.96	2.0	0.0
18.65	-79.67	6.73	0.0
23.61	-77.35	8.86	0.0
21.46	-79.73	3.09	0.0
19.63	-78.63	-1.37	0.0
19.5	-76.88	1.11	0.0
19.35	-79.3	-2.7	0.0
19.98	-78.98	-7.16	0.0
19.75	-77.19	3.18	0.0
20.46	-77.72	0.13	0.0
19.57	-78.04	-1.01	0.0
19.85	-78.54	-2.48	0.0
18.6	-77.81	-2.34	0.0
16.87	-79.55	-2.38	0.0
20.88	-78.95	-3.4	0.0
18.42	-78.79	6.04	0.0
17.72	-80.55	8.9	0.0
18.79	-78.51	-1.28	0.0
17.22	-78.49	-3.73	0.0
17.52	-77.47	1.08	0.0
15.73	-75.8	3.74	0.0
16.36	-75.1	4.31	0.0
17.05	-76.23	2.52	0.0
17.62	-76.4	5.06	0.0
16.55	-75.61	6.91	0.0
16.38	-78.45	3.34	0.0
14.15	-75.58	-3.41	0.0
17.72	-76.15	-0.44	0.0
17.11	-75.02	-0.39	0.0
14.81	-74.37	1.73	0.0
17.46	-74.67	-3.42	0.0
16.67	-74.89	-1.11	0.0
16.79	-77.27	-2.66	0.0
16.47	-75.38	3.61	0.0
11.17	-74.54	-6.96	0.0
16.72	-78.17	-10.51	0.0
15.66	-75.89	-9.1	0.0
16.84	-77.41	-3.02	0.0
15.5	-75.65	-1.9	0.0
15.11	-75.22	-0.84	0.0
14.94	-77.06	1.26	0.0
14.89	-75.95	0.64	0.0
14.67	-75.51	0.83	0.0
17.0	-77.17	1.41	0.0
17.1	-76.03	-2.77	0.0
16.31	-74.95	2.22	0.0
15.08	-75.19	0.82	0.0
15.41	-74.3	-5.76	0.0
16.72	-74.4	-6.48	0.0
16.28	-74.56	-2.51	0.0
16.64	-73.68	0.1	0.0
17.4	-75.28	-4.17	0.0
16.01	-76.21	-5.58	0.0
14.75	-74.91	2.48	0.0
15.23	-74.99	5.72	0.0
15.46	-74.69	0.37	0.0
16.96	-73.83	7.61	0.0
18.28	-73.2	1.4	0.0
15.03	-74.35	-1.83	0.0
17.24	-74.84	-3.63	0.0
15.15	-73.8	-0.34	0.0
14.96	-72.82	2.34	0.0
14.92	-72.3	2.78	0.0
14.04	-75.22	4.4	0.0
15.15	-74.94	1.37	0.0
15.28	-75.45	-0.63	0.0
13.9	-71.45	-7.06	0.0
11.27	-71.42	-2.38	0.0
13.63	-73.41	8.97	0.0
15.48	-74.45	-0.82	0.0
16.31	-75.33	-4.72	0.0
14.3	-72.33	4.37	0.0
15.07	-76.01	3.61	0.0
16.19	-73.13	-0.78	0.0
13.29	-74.02	-7.67	0.0
17.13	-74.29	-5.84	0.0
18.72	-73.71	0.67	0.0
12.28	-72.13	-10.31	0.0
12.95	-74.54	-2.12	0.0
13.31	-74.27	-2.96	0.0
13.78	-74.03	-2.61	0.0
13.35	-74.19	-5.79	0.0
14.23	-74.08	-2.94	0.0
13.92	-74.24	-2.95	0.0
14.21	-74.99	2.57	0.0
11.52	-75.07	-4.19	0.0
11.22	-71.24	2.59	0.0
12.57	-74.42	-1.08	0.0
13.65	-72.91	-1.74	0.0
12.59	-73.81	-3.14	0.0
13.08	-73.71	-2.22	0.0
13.1	-73.7	-3.4	0.0
13.66	-73.29	-2.46	0.0
11.67	-72.56	-0.34	0.0
13.85	-71.16	0.69	0.0
12.44	-73.15	-2.45	0.0
12.9	-73.13	-5.41	0.0
13.73	-72.04	-3.25	0.0
8.86	-72.37	3.66	0.0
12.3	-73.1	2.63	0.0
12.21	-73.65	4.28	0.0
13.0	-71.63	-4.58	0.0
12.5	-72.65	-1.31	0.0
12.4	-73.33	-3.13	0.0
12.35	-72.53	-0.5	0.0
12.44	-72.37	0.63	0.0
12.03	-72.16	-0.26	0.0
11.19	-72.0	-1.21	0.0
11.73	-71.07	2.44	0.0
13.52	-68.37	2.5	0.0
11.77	-73.69	-4.78	0.0
11.75	-72.01	-2.14	0.0
13.04	-73.86	-2.52	0.0
12.64	-74.85	-2.05	0.0
12.37	-73.97	-10.23	0.0
13.39	-72.11	-4.65	0.0
12.48	-71.98	-5.49	0.0
12.17	-71.4	-0.62	0.0
11.58	-71.71	-1.97	0.0
12.2	-70.03	3.15	0.0
12.65	-71.14	-0.16	0.0
11.92	-70.81	1.03	0.0
12.24	-71.57	-0.52	0.0
12.25	-70.82	-4.0	0.0
11.89	-70.55	-1.7	0.0
12.13	-69.21	2.25	0.0
13.4	-71.91	-4.67	0.0
14.86	-71.15	-4.64	0.0
12.96	-72.84	-11.48	0.0
13.8	-74.1	-6.58	0.0
13.31	-71.02	-5.84	0.0
10.98	-69.97	-3.72	0.0
12.84	-71.41	-1.5	0.0
8.53	-70.33	-3.83	0.0
11.34	-72.16	-16.78	0.0
11.72	-70.58	-5.43	0.0
9.43	-71.65	-1.78	0.0
8.86	-70.27	0.3	0.0
8.81	-69.7	-0.25	0.0
8.61	-68.87	-4.1	0.0
8.61	-71.4	-0.54	0.0
8.74	-70.1	0.05	0.0
8.48	-69.16	3.49	0.0
9.08	-69.19	2.06	0.0
10.7	-68.84	-3.6	0.0
8.26	-69.09	-3.13	0.0
9.29	-69.06	-3.76	0.0
9.31	-69.98	-7.82	0.0
9.51	-71.55	-7.9	0.0
7.66	-70.38	-5.27	0.0
6.14	-71.01	-6.11	0.0
8.6	-69.08	-4.35	0.0
7.85	-69.48	-3.3	0.0
7.61	-70.13	-6.82	0.0
7.63	-69.7	-5.09	0.0
7.26	-68.01	3.53	0.0
8.64	-69.78	-2.71	0.0
8.1	-69.47	-5.63	0.0
6.41	-70.26	-5.31	0.0
6.54	-69.69	-1.29	0.0
6.31	-70.69	-7.56	0.0
8.12	-69.87	-2.18	0.0
8.17	-69.17	1.62	0.0
8.47	-68.19	-4.78	0.0
7.84	-70.01	-2.49	0.0
7.74	-69.07	-3.11	0.0
7.31	-67.7	-2.88	0.0
7.61	-68.57	-5.85	0.0
6.38	-68.38	1.69	0.0
7.32	-67.29	-1.62	0.0
6.67	-67.74	-2.34	0.0
6.76	-68.12	0.24	0.0
7.27	-67.6	-0.46	0.0
6.81	-68.37	-0.93	0.0
7.18	-68.07	-0.66	0.0
6.76	-68.64	0.67	0.0
7.22	-68.64	2.32	0.0
5.64	-68.0	3.84	0.0
6.58	-68.71	0.36	0.0
6.14	-68.1	-4.74	0.0
7.02	-68.52	-6.53	0.0
5.79	-68.18	-1.45	0.0
6.01	-67.75	3.14	0.0
5.97	-67.23	-0.07	0.0
6.65	-67.49	-1.86	0.0
5.59	-67.35	-5.5	0.0
6.05	-67.57	-3.33	0.0
5.58	-67.04	-3.09	0.0
6.15	-67.85	-3.32	0.0
6.07	-66.88	-1.24	0.0
5.56	-66.94	1.52	0.0
7.05	-66.81	1.96	0.0
7.38	-66.09	-1.08	0.0
4.8	-68.81	-1.06	0.0
3.1	-65.82	0.16	0.0
7.08	-67.75	-1.66	0.0
6.91	-67.21	2.58	0.0
4.96	-67.52	-1.19	0.0
4.85	-68.97	-1.08	0.0
5.96	-67.17	-2.21	0.0
5.44	-65.76	-1.34	0.0
6.79	-66.14	-3.53	0.0
5.36	-64.24	3.56	0.0
5.5	-66.27	-2.37	0.0
8.71	-65.49	0.94	0.0
7.05	-64.72	2.54	0.0
6.66	-65.15	1.79	0.0
5.93	-65.94	1.67	0.0
9.41	-65.91	-0.92	0.0
6.18	-64.42	0.11	0.0
5.88	-65.79	4.09	0.0
7.76	-64.49	-3.17	0.0
7.15	-64.42	2.88	0.0
5.79	-65.68	3.01	0.0
6.47	-65.74	0.1	0.0
8.24	-66.66	5.32	0.0
6.13	-62.98	1.55	0.0
7.83	-64.06	-1.96	0.0
7.47	-64.12	2.68	0.0
8.4	-63.68	1.46	0.0
9.71	-65.24	-0.72	0.0
8.48	-65.67	0.01	0.0
9.42	-64.91	-3.51	0.0
10.13	-64.97	-4.12	0.0
9.83	-65.06	1.93	0.0
8.93	-65.21	-2.3	0.0
8.89	-64.86	-0.96	0.0
7.0	-63.71	-2.34	0.0
5.46	-64.11	-3.21	0.0
7.1	-63.51	-0.91	0.0
8.25	-63.56	10.1	0.0
6.5	-62.4	-0.06	0.0
8.06	-63.66	1.45	0.0
7.45	-63.46	4.85	0.0
8.89	-63.25	5.3	0.0
7.33	-63.61	-2.48	0.0
8.69	-63.82	4.62	0.0
8.6	-64.28	6.89	0.0
7.24	-65.49	9.44	0.0
7.58	-64.23	0.07	0.0
7.23	-61.83	-0.28	0.0
5.97	-63.78	1.31	0.0
7.01	-64.45	2.64	0.0
6.45	-62.97	3.98	0.0
6.97	-62.23	12.42	0.0
5.67	-61.59	6.42	0.0
10.5	-61.83	-1.37	0.0
7.06	-60.86	4.43	0.0
6.72	-64.34	3.69	0.0
6.99	-61.88	2.1	0.0
5.72	-63.53	4.97	0.0
5.86	-63.89	5.56	0.0
5.8	-61.63	5.42	0.0
5.44	-63.11	5.43	0.0
5.11	-60.32	2.55	0.0
5.48	-61.01	4.08	0.0
4.41	-61.45	0.79	0.0
4.72	-61.32	4.05	0.0
4.91	-61.91	0.27	0.0
3.3	-60.55	3.08	0.0
5.56	-59.6	3.0	0.0
5.49	-60.36	-0.76	0.0
4.13	-60.11	-0.77	0.0
6.08	-60.25	-1.2	0.0
5.82	-64.03	7.98	0.0
4.78	-60.11	5.43	0.0
4.71	-61.42	3.25	0.0
5.55	-63.2	-9.89	0.0
5.02	-61.47	-2.39	1.0
4.38	-59.59	4.28	1.0
4.01	-61.39	-2.72	1.0
5.83	-61.32	0.5	1.0
2.31	-62.33	-2.41	1.0
4.56	-61.28	-1.56	1.0
2.83	-58.46	-1.58	1.0
3.89	-60.95	-1.14	1.0
4.53	-60.4	2.86	1.0
3.99	-61.55	7.42	1.0
4.31	-60.17	8.23	1.0
4.09	-58.94	3.1	1.0
3.2	-57.6	1.15	1.0
5.59	-58.2	-1.6	1.0
5.57	-59.76	-1.67	1.0
3.9	-60.11	3.49	1.0
6.66	-59.62	5.99	1.0
7.01	-58.87	4.35	1.0
8.99	-58.81	9.93	1.0
10.41	-57.99	12.84	1.0
12.74	-58.44	13.25	1.0
10.97	-59.36	11.25	1.0
13.34	-60.52	4.49	1.0
15.12	-60.49	6.03	1.0
15.01	-60.63	5.67	1.0
15.41	-60.35	2.67	1.0
15.22	-61.89	5.06	1.0
16.5	-60.05	0.2	1.0
19.14	-60.05	3.04	1.0
19.62	-60.87	0.65	1.0
20.89	-60.13	-2.59	1.0
20.24	-62.08	-0.24	1.0
21.82	-62.52	-0.21	1.0
21.56	-60.59	0.65	1.0
20.35	-60.27	11.52	1.0
19.65	-60.32	12.8	1.0
20.74	-60.2	9.16	1.0
18.86	-59.35	7.8	1.0
20.79	-62.21	-6.05	1.0
21.1	-60.04	0.26	1.0
22.31	-61.1	-3.21	1.0
19.78	-60.89	-1.58	1.0
20.99	-61.73	-0.26	1.0
20.71	-58.64	2.53	1.0
21.42	-58.82	-0.71	1.0
21.32	-59.28	0.28	1.0
18.82	-60.27	4.84	1.0
20.69	-59.72	12.77	0.0
18.43	-61.01	0.6	0.0
23.23	-60.4	-4.19	0.0
18.4	-58.59	-2.97	0.0
20.0	-62.89	-3.23	0.0
20.81	-60.09	-3.09	0.0
20.52	-59.8	0.34	0.0
20.71	-59.7	2.14	0.0
20.75	-59.71	0.92	0.0
19.05	-62.39	0.73	0.0
21.62	-61.61	-1.37	0.0
20.18	-58.86	-0.38	0.0
19.56	-60.84	0.83	0.0
20.6	-58.87	-1.28	0.0
19.14	-59.47	1.93	0.0
21.4	-59.32	0.6	0.0
17.84	-60.27	-1.9	0.0
21.22	-59.33	-0.26	0.0
20.64	-61.02	1.36	0.0
20.29	-59.96	1.28	0.0
20.39	-59.97	3.4	0.0
19.58	-60.7	4.39	0.0
20.46	-61.11	-9.06	0.0
21.06	-59.54	0.28	0.0
19.62	-59.7	-1.34	0.0
20.34	-59.71	2.56	0.0
19.62	-58.72	1.38	0.0
20.27	-58.08	-0.59	0.0
19.94	-57.82	-2.58	0.0
20.64	-59.28	4.26	0.0
19.57	-58.39	5.99	0.0
19.36	-59.93	5.61	0.0
18.18	-58.95	-1.19	0.0
19.27	-59.13	3.78	0.0
18.71	-58.76	-3.13	0.0
18.58	-58.46	2.17	0.0
19.13	-58.9	-2.72	0.0
18.79	-59.2	-4.1	0.0
17.76	-60.59	-1.23	0.0
17.16	-60.64	-3.28	0.0
18.9	-59.05	3.32	0.0
17.76	-59.18	0.16	0.0
17.83	-60.65	3.72	0.0
13.07	-58.23	2.54	0.0
11.98	-60.32	0.55	0.0
16.21	-60.18	-10.56	0.0
17.66	-60.86	-7.06	0.0
18.4	-58.73	-10.17	0.0
16.46	-58.73	-12.23	0.0
16.74	-58.19	-0.6	0.0
15.98	-57.09	1.32	0.0
15.94	-57.31	-1.23	0.0
15.86	-57.57	5.02	0.0
15.4	-56.41	-3.47	0.0
15.13	-57.95	-1.76	0.0
16.04	-56.92	-2.88	0.0
15.18	-57.58	-2.16	0.0
15.14	-56.52	7.04	0.0
15.55	-56.16	0.28	0.0
14.85	-56.04	1.66	0.0
15.75	-53.84	0.71	0.0
16.2	-55.79	2.42	0.0
14.29	-53.9	6.15	0.0
15.66	-55.8	0.75	0.0
15.59	-57.44	0.32	0.0
14.87	-56.68	-4.4	0.0
14.69	-56.96	-3.86	0.0
13.89	-55.7	-4.59	0.0
16.03	-54.89	1.71	0.0
16.41	-52.3	9.86	0.0
16.55	-54.01	0.82	0.0
14.05	-55.67	10.69	0.0
14.38	-54.49	4.32	0.0
14.93	-55.49	1.04	0.0
15.93	-55.27	-0.74	0.0
14.15	-55.28	-0.29	0.0
14.4	-55.09	-1.62	0.0
13.97	-56.19	-2.45	0.0
14.2	-55.14	1.98	0.0
14.56	-55.59	-3.55	0.0
13.6	-56.27	2.02	0.0
15.08	-56.15	-9.75	0.0
12.79	-55.37	4.58	0.0
12.24	-55.52	0.77	0.0
14.2	-53.87	1.56	0.0
14.39	-55.33	1.22	0.0
13.58	-54.48	2.29	0.0
13.29	-55.4	-0.86	0.0
14.11	-54.38	1.8	0.0
13.81	-54.26	-2.88	0.0
13.6	-55.47	-2.03	0.0
13.09	-56.09	1.52	0.0
10.06	-58.17	-7.87	0.0
15.22	-53.87	-6.16	0.0
15.13	-56.62	-3.25	0.0
13.63	-56.2	-1.56	0.0
13.89	-56.51	0.42	0.0
14.07	-56.11	1.67	0.0
13.69	-56.03	0.92	0.0
15.55	-53.98	-2.32	0.0
13.73	-55.09	-2.17	0.0
13.89	-54.58	-2.01	0.0
14.05	-55.62	-3.39	0.0
12.52	-55.62	-4.14	0.0
13.48	-55.86	0.0	0.0
13.34	-55.06	-1.68	0.0
12.35	-55.48	-1.53	0.0
11.45	-58.85	-0.21	0.0
9.82	-53.55	-6.47	0.0
12.72	-55.26	-3.33	0.0
9.79	-54.48	-2.51	0.0
12.8	-55.58	-6.42	0.0
11.67	-54.77	-8.22	0.0
12.69	-55.26	-6.81	0.0
12.33	-54.77	-4.62	0.0
12.21	-54.23	-4.95	0.0
12.61	-53.9	-3.09	0.0
12.72	-53.83	-0.06	0.0
12.28	-54.3	-1.34	0.0
12.15	-55.12	-1.64	0.0
11.87	-54.11	-2.81	0.0
12.0	-54.25	-7.92	0.0
13.36	-55.12	-10.09	0.0
12.61	-55.75	-0.9	0.0
6.77	-52.45	-2.14	0.0
11.9	-50.89	0.7	0.0
12.64	-53.22	-7.11	0.0
11.59	-55.03	-9.75	0.0
11.86	-55.28	-8.1	0.0
10.51	-54.29	-6.47	0.0
11.92	-54.85	-9.89	0.0
12.19	-53.34	-8.0	0.0
11.49	-53.74	-5.79	0.0
11.27	-53.9	-6.96	0.0
11.19	-54.54	-2.94	0.0
11.69	-54.54	-0.9	0.0
11.38	-52.55	-5.24	0.0
12.31	-52.26	-4.77	0.0
11.64	-53.32	0.48	0.0
12.54	-53.39	5.08	0.0
12.83	-54.95	-4.55	0.0
12.22	-53.2	-3.24	0.0
11.74	-52.71	-1.19	0.0
12.87	-53.03	-4.65	0.0
12.0	-53.78	-5.13	0.0
13.02	-53.94	-6.67	0.0
12.29	-53.54	-0.09	0.0
10.38	-52.05	-5.88	0.0
10.95	-51.86	4.88	0.0
11.55	-53.44	-4.81	0.0
9.93	-53.56	-6.26	0.0
11.34	-54.28	-4.06	0.0
9.92	-53.59	-2.55	0.0
11.81	-53.12	-6.85	0.0
12.36	-52.42	-3.46	0.0
10.84	-52.19	-2.93	0.0
11.04	-52.52	-3.46	0.0
10.66	-53.32	-6.94	0.0
12.37	-54.24	-11.62	0.0
10.0	-53.3	-2.5	0.0
9.36	-51.58	-7.09	0.0
10.8	-54.25	2.33	0.0
10.42	-52.26	-1.29	0.0
9.59	-51.1	-0.63	0.0
9.63	-52.5	-0.29	0.0
9.52	-51.84	-6.28	0.0
7.96	-51.19	-4.61	0.0
8.83	-54.06	-1.69	0.0
9.02	-52.18	-3.28	0.0
8.71	-51.57	1.97	0.0
10.02	-50.83	-3.8	0.0
7.05	-51.29	-6.75	0.0
7.46	-51.44	-0.23	0.0
8.12	-51.66	-0.83	0.0
8.29	-51.48	0.06	0.0
7.44	-50.05	-2.92	0.0
8.03	-50.26	-1.04	0.0
7.52	-49.9	1.7	0.0
7.03	-49.95	0.02	0.0
5.99	-50.97	0.53	0.0
7.18	-50.46	-1.68	0.0
7.75	-50.21	-2.63	0.0
7.91	-50.53	-5.24	0.0
7.57	-51.01	-6.87	0.0
7.39	-51.41	-1.14	0.0
7.65	-52.16	1.74	0.0
8.55	-50.7	2.38	0.0
6.93	-48.94	5.74	0.0
7.68	-48.92	8.44	0.0
7.25	-49.4	1.75	0.0
6.53	-51.07	-2.8	0.0
8.16	-51.2	-6.29	0.0
6.5	-49.04	-2.72	0.0
6.96	-49.95	1.34	0.0
5.93	-49.01	1.37	0.0
5.79	-46.54	4.55	0.0
6.63	-48.1	1.39	0.0
7.08	-49.04	4.12	0.0
7.54	-48.84	1.18	0.0
6.39	-49.6	-2.12	0.0
6.24	-49.27	0.96	0.0
7.32	-48.05	3.75	0.0
6.05	-48.16	2.88	0.0
6.56	-48.46	5.86	0.0
4.25	-48.22	7.01	0.0
6.13	-48.3	-0.64	0.0
5.33	-48.55	1.37	0.0
4.51	-48.77	0.18	0.0
6.19	-49.77	0.84	0.0
5.73	-50.34	2.14	0.0
6.07	-49.44	4.82	0.0
6.55	-47.75	6.63	0.0
6.49	-48.92	2.79	0.0
6.03	-47.92	-1.96	0.0
6.75	-48.16	1.07	0.0
5.39	-49.52	6.69	0.0
6.3	-47.9	2.71	0.0
5.99	-48.83	1.69	0.0
4.55	-49.05	5.93	0.0
5.58	-50.1	-4.9	0.0
6.37	-49.46	1.06	0.0
6.03	-48.22	3.0	0.0
5.25	-47.79	5.72	0.0
5.22	-47.71	0.82	0.0
6.38	-45.97	-2.68	0.0
4.82	-47.98	-3.8	0.0
4.16	-47.0	0.62	0.0
5.0	-48.35	0.53	0.0
5.58	-48.87	0.84	0.0
6.48	-48.1	2.25	0.0
4.87	-46.76	2.25	0.0
6.04	-48.6	-6.17	0.0
4.99	-48.08	-1.68	0.0
4.53	-46.52	0.52	0.0
6.21	-47.11	0.1	0.0
4.79	-47.69	7.12	0.0
7.52	-48.35	6.78	0.0
5.74	-48.92	1.01	0.0
6.12	-47.64	4.25	0.0
5.49	-47.93	-3.96	0.0
7.17	-47.83	-3.81	0.0
2.46	-47.17	6.18	0.0
4.51	-45.96	-5.95	0.0
5.91	-49.87	-13.21	0.0
7.39	-49.91	-7.86	0.0
5.74	-46.47	-3.03	0.0
6.55	-46.89	-3.65	0.0
6.21	-47.11	-1.52	0.0
5.54	-46.78	0.71	0.0
6.39	-45.89	8.38	0.0
4.84	-45.08	1.65	0.0
4.19	-46.24	-1.45	0.0
5.46	-45.53	1.09	0.0
5.42	-45.46	-1.47	0.0
4.82	-46.41	-4.89	0.0
4.34	-45.82	0.3	0.0
4.5	-45.24	-2.38	0.0
5.56	-44.89	-1.14	0.0
4.58	-45.21	0.68	0.0
3.94	-45.21	4.36	0.0
4.25	-45.99	2.07	0.0
4.0	-45.5	-0.01	0.0
8.37	-43.21	-4.25	0.0
4.26	-45.13	-5.86	0.0
6.42	-46.56	-2.75	0.0
3.57	-45.1	-3.93	0.0
4.27	-44.34	-0.15	0.0
4.68	-45.18	-1.2	0.0
6.06	-44.44	0.1	0.0
2.52	-45.45	4.42	0.0
3.54	-44.48	-8.5	0.0
3.67	-44.43	1.76	0.0
1.89	-42.56	3.49	0.0
2.48	-44.14	3.68	0.0
3.73	-43.03	2.57	0.0
2.55	-43.91	-0.19	0.0
5.88	-45.17	4.48	0.0
5.07	-44.14	-1.28	0.0
3.07	-44.21	-1.67	0.0
2.15	-43.89	-2.96	0.0
2.96	-42.91	1.77	0.0
2.25	-43.51	-1.64	0.0
5.2	-44.16	-3.55	0.0
1.96	-43.34	-5.52	0.0
1.16	-43.48	-3.75	0.0
4.92	-44.56	-11.71	0.0
1.29	-43.02	0.52	0.0
2.39	-42.8	-2.79	0.0
0.67	-42.83	6.02	0.0
1.84	-42.65	0.89	0.0
1.64	-42.88	0.77	0.0
3.14	-44.92	3.66	0.0
0.85	-42.73	1.86	0.0
1.41	-43.58	5.54	0.0
2.05	-42.29	3.42	0.0
1.47	-42.84	-0.04	0.0
1.75	-42.7	3.85	0.0
4.65	-47.69	-3.24	0.0
1.11	-41.43	-5.23	0.0
1.25	-42.13	-2.81	0.0
1.48	-42.53	-5.76	0.0
0.22	-42.34	-4.46	0.0
0.89	-42.37	-1.21	0.0
0.08	-41.57	-3.63	0.0
0.2	-42.42	0.58	0.0
-0.32	-43.26	0.3	0.0
0.54	-44.08	-4.94	0.0
0.76	-41.31	-4.5	0.0
-0.69	-39.6	-6.57	0.0
-0.92	-41.69	0.23	0.0
-0.91	-41.06	-1.55	0.0
-1.02	-42.63	-4.28	0.0
-1.9	-38.11	1.33	0.0
-1.36	-40.99	-7.55	0.0
-0.53	-41.44	-1.96	0.0
0.05	-40.84	-1.17	0.0
-0.53	-40.35	1.25	0.0
-0.67	-41.0	0.91	0.0
1.75	-41.22	-1.58	0.0
0.27	-39.63	-2.08	0.0
-0.4	-40.49	6.19	0.0
0.31	-41.88	-0.52	0.0
1.18	-41.16	2.55	0.0
0.45	-40.78	3.55	0.0
0.08	-40.77	-6.11	0.0
-0.8	-39.63	-1.16	0.0
-1.94	-40.6	0.81	0.0
2.6	-41.81	8.53	0.0
1.02	-40.37	0.56	0.0
1.3	-37.96	0.74	0.0
-2.73	-35.05	-0.37	0.0
-1.26	-39.03	-4.24	0.0
-1.21	-38.16	-11.37	0.0
-0.49	-37.49	-4.72	0.0
-0.77	-37.98	-1.67	0.0
-0.75	-37.57	1.76	0.0
0.23	-38.62	-4.0	0.0
0.13	-37.84	-0.39	0.0
-0.49	-38.04	-2.15	0.0
1.81	-38.57	2.68	0.0
-0.33	-36.81	-0.33	0.0
-0.56	-36.96	15.99	0.0
-0.44	-39.67	3.16	0.0
-0.12	-38.11	3.62	0.0
0.02	-37.52	0.83	0.0
-1.52	-38.23	2.48	0.0
0.12	-38.4	0.62	0.0
-3.25	-37.59	1.04	0.0
-1.4	-34.95	6.62	0.0
-1.94	-37.36	-1.14	0.0
-0.98	-38.35	2.39	0.0
-0.44	-37.79	5.09	0.0
-1.17	-37.13	2.48	0.0
-1.51	-36.75	1.45	0.0
0.34	-36.55	0.88	0.0
-1.33	-39.02	-2.46	0.0
-0.78	-37.69	-4.67	0.0
-0.86	-38.87	0.76	0.0
-1.17	-36.98	5.55	0.0
-1.05	-37.54	1.69	0.0
-1.29	-35.73	1.96	0.0
-1.81	-34.96	7.28	0.0
-3.41	-35.78	-0.26	0.0
-0.78	-36.08	9.06	0.0
-0.71	-35.45	3.74	0.0
-1.27	-39.11	9.15	0.0
-3.37	-37.8	-5.11	0.0
-2.68	-36.08	5.79	0.0
-1.68	-35.71	3.21	0.0
1.08	-37.65	2.95	0.0
-2.03	-36.75	3.78	0.0
-7.27	-36.07	3.68	0.0
-2.61	-37.2	1.51	0.0
-5.37	-36.06	-6.99	0.0
-2.01	-36.17	-0.25	0.0
-1.52	-37.22	5.25	0.0
-1.8	-37.24	0.68	0.0
-3.04	-38.57	-2.52	0.0
-1.13	-37.89	4.37	0.0
-2.99	-37.61	8.06	0.0
-1.58	-36.04	1.81	0.0
-3.27	-37.09	-3.97	0.0
-3.06	-36.45	-2.76	0.0
-3.16	-35.5	-0.98	0.0
-2.88	-36.26	1.06	0.0
-2.58	-36.84	5.6	0.0
-3.56	-36.33	2.44	0.0
-2.03	-36.91	0.84	0.0
-0.27	-37.99	4.57	0.0
-3.49	-37.37	11.35	0.0
-2.65	-35.81	3.47	0.0
0.22	-33.76	8.38	0.0
-2.49	-34.83	2.99	0.0
-2.94	-35.29	-0.39	0.0
-3.74	-35.62	-1.29	0.0
-3.61	-35.65	0.56	0.0
-3.76	-35.89	-2.7	0.0
-5.3	-36.53	-0.97	0.0
-2.2	-34.85	7.64	0.0
-3.93	-36.31	-1.04	0.0
-5.91	-35.98	-0.15	0.0
-4.31	-35.34	-3.34	0.0
-4.58	-35.97	-2.17	0.0
-3.54	-35.29	0.63	0.0
-4.85	-35.14	-3.13	0.0
-4.01	-35.35	-1.89	0.0
-4.26	-35.26	1.74	0.0
-4.31	-35.97	-2.42	0.0
-5.35	-34.09	1.84	0.0
-5.29	-34.86	2.01	0.0
-6.15	-34.16	5.16	0.0
-5.41	-33.04	0.49	0.0
-5.36	-34.68	-0.65	0.0
-5.54	-34.52	0.63	0.0
-5.22	-34.46	2.74	0.0
-6.22	-34.22	2.57	0.0
-6.17	-32.74	4.76	0.0
-5.71	-34.58	7.5	0.0
-4.22	-36.52	1.42	0.0
-5.34	-35.26	-0.88	0.0
-5.49	-35.14	0.0	0.0
-6.06	-33.75	-2.42	0.0
-6.13	-33.78	1.82	0.0
-6.08	-32.85	4.29	0.0
-6.95	-32.85	5.63	0.0
-5.9	-34.02	-0.69	0.0
-6.09	-31.85	5.72	0.0
-6.87	-32.68	0.97	0.0
-6.53	-33.68	3.65	0.0
-5.42	-34.62	2.66	0.0
-7.48	-34.53	4.83	0.0
-7.62	-32.54	6.83	0.0
-3.75	-32.85	4.65	0.0
-10.34	-30.3	2.24	0.0
-8.03	-31.91	1.21	0.0
-8.63	-32.13	-0.38	0.0
-7.44	-31.73	0.22	0.0
-8.05	-32.73	1.7	0.0
-8.34	-34.17	-0.52	0.0
-7.1	-33.15	9.39	0.0
-6.25	-33.58	2.63	0.0
-8.39	-33.33	0.62	0.0
-8.45	-33.63	3.83	0.0
-8.98	-32.75	6.93	0.0
-10.46	-32.49	12.8	0.0
-7.39	-32.26	4.51	0.0
-8.69	-33.46	2.77	0.0
-7.23	-31.83	-2.15	0.0
-7.55	-33.66	8.59	0.0
-9.15	-32.09	4.12	0.0
-9.25	-31.11	2.11	0.0
-7.98	-32.57	5.31	0.0
-8.49	-31.68	-3.66	0.0
-9.11	-32.73	4.37	0.0
-9.75	-32.74	1.35	0.0
-8.48	-32.5	7.01	0.0
-8.48	-31.74	-1.87	0.0
-10.55	-33.67	-0.06	0.0
-8.13	-30.76	-1.08	0.0
-8.64	-32.66	0.63	0.0
-8.19	-32.08	-3.14	0.0
-7.24	-30.4	-0.59	0.0
-7.66	-31.02	-7.95	0.0
-7.6	-30.43	7.82	0.0
-7.94	-30.54	4.61	0.0
-7.3	-30.96	2.94	0.0
-8.94	-31.2	0.18	0.0
-7.95	-31.55	1.06	0.0
-9.12	-31.79	0.72	0.0
-9.98	-32.05	-2.3	0.0
-10.71	-30.73	5.32	0.0
-11.42	-31.24	2.04	0.0
-12.56	-31.25	-1.5	0.0
-9.48	-29.65	-0.43	0.0
-9.34	-30.48	1.97	0.0
-9.74	-29.88	1.51	0.0
-9.98	-28.81	7.11	0.0
-9.75	-30.51	1.45	0.0
-8.41	-29.73	4.6	0.0
-8.13	-29.28	0.01	0.0
-8.67	-31.66	-4.48	0.0
-8.7	-28.38	-3.07	0.0
-8.62	-29.07	1.43	0.0
-9.16	-28.88	-3.16	0.0
-8.17	-30.22	-1.09	0.0
-9.72	-31.05	-0.01	0.0
-9.82	-29.32	-4.64	0.0
-10.77	-28.23	-2.87	0.0
-9.02	-30.01	1.84	0.0
-8.52	-29.25	-0.7	0.0
-8.18	-29.71	1.73	0.0
-9.51	-27.64	-0.5	0.0
-9.17	-28.5	-2.28	0.0
-9.08	-31.86	-2.97	0.0
-11.74	-29.26	-0.23	0.0
-8.93	-29.42	-1.12	0.0
-9.0	-29.72	-4.77	0.0
-9.49	-29.78	-2.93	0.0
-11.25	-30.48	2.18	0.0
-7.93	-29.31	-6.62	0.0
-8.82	-28.47	-2.22	0.0
-7.18	-26.2	2.8	0.0
-10.48	-30.58	-2.48	0.0
-9.45	-28.11	-1.78	0.0
-10.16	-28.21	-4.92	0.0
-11.29	-28.68	-5.62	0.0
-12.21	-29.16	-1.32	0.0
-9.99	-27.54	-1.38	0.0
-9.33	-28.34	-2.47	0.0
-9.31	-28.98	3.72	0.0
-11.28	-29.68	-0.8	0.0
-10.14	-27.93	-1.73	0.0
-11.25	-27.0	-3.39	0.0
-11.94	-28.81	-4.64	0.0
-11.46	-28.17	-11.43	0.0
-8.48	-27.15	-8.78	0.0
-10.72	-27.63	-9.2	0.0
-9.89	-27.29	-5.25	0.0
-11.82	-26.4	0.05	0.0
-12.67	-25.87	1.87	0.0
-12.4	-27.16	-4.68	0.0
-12.69	-27.16	-5.13	0.0
-12.73	-27.68	6.66	0.0
-12.82	-26.45	3.89	0.0
-13.5	-26.46	-4.56	1.0
-13.71	-28.38	-3.36	1.0
-13.28	-28.16	-0.82	1.0
-14.14	-28.11	-1.87	1.0
-13.1	-26.31	-1.3	1.0
-14.16	-26.17	1.28	1.0
-15.14	-26.49	-4.78	1.0
-15.03	-26.13	-1.62	1.0
-14.67	-26.32	-1.98	1.0
-13.99	-25.37	3.22	1.0
-11.26	-24.68	8.13	1.0
-10.14	-25.56	3.48	1.0
-10.38	-25.79	1.89	1.0
-10.24	-25.81	4.23	1.0
-9.37	-26.99	-1.17	1.0
-8.13	-26.52	1.56	1.0
-3.04	-27.27	3.11	1.0
-2.97	-26.85	0.76	1.0
-3.92	-29.6	0.85	1.0
-6.04	-29.91	-0.11	1.0
-6.02	-28.94	3.67	1.0
-4.31	-28.22	3.15	1.0
-3.7	-27.86	-0.65	1.0
-2.94	-28.36	-5.59	1.0
-2.06	-27.32	4.22	1.0
-3.09	-27.05	2.8	1.0
-0.79	-26.0	-1.09	1.0
0.5	-26.37	-0.62	1.0
0.72	-26.06	-5.09	1.0
0.43	-26.37	-1.9	1.0
0.03	-27.03	2.62	1.0
1.48	-27.64	-0.24	1.0
0.53	-28.35	-1.17	1.0
-0.98	-27.18	2.15	1.0
-0.59	-27.38	-0.51	1.0
0.34	-28.19	1.81	1.0
1.97	-26.77	-0.92	1.0
-0.12	-27.43	4.59	1.0
0.92	-28.73	-5.62	1.0
0.42	-27.13	-0.43	1.0
0.78	-27.33	1.51	1.0
0.58	-27.09	-0.53	0.0
0.42	-27.1	1.22	0.0
0.65	-26.85	1.57	0.0
-0.15	-27.25	2.61	0.0
1.44	-27.25	-1.83	0.0
0.09	-25.04	7.85	0.0
1.79	-25.47	2.71	0.0
-2.38	-25.77	-0.1	0.0
-0.78	-26.27	0.56	0.0
-0.79	-27.07	5.02	0.0
2.32	-27.28	4.82	0.0
-0.36	-26.97	4.06	0.0
0.37	-26.56	2.72	0.0
0.23	-24.92	3.6	0.0
0.36	-26.2	0.28	0.0
0.45	-26.31	-1.84	0.0
-0.06	-26.07	-4.46	0.0
-0.6	-26.21	-2.15	0.0
0.22	-26.65	0.83	0.0
1.27	-24.07	-1.68	0.0
-0.5	-25.85	1.25	0.0
-0.92	-24.9	6.97	0.0
-1.03	-25.26	5.19	0.0
-0.11	-26.24	1.16	0.0
0.5	-25.58	-0.68	0.0
1.08	-26.33	-1.5	0.0
-0.13	-25.76	-1.91	0.0
0.63	-26.49	1.21	0.0
-0.61	-25.28	-1.23	0.0
0.74	-24.76	-1.06	0.0
-0.81	-25.94	-3.14	0.0
-1.1	-26.04	7.85	0.0
1.49	-25.36	3.76	0.0
-0.07	-25.07	1.21	0.0
-1.38	-25.05	0.9	0.0
-1.65	-24.35	-1.49	0.0
-1.92	-23.28	4.64	0.0
-1.19	-26.25	4.77	0.0
-1.61	-25.88	1.8	0.0
-0.68	-24.94	-0.13	0.0
-0.97	-25.05	1.03	0.0
-1.92	-25.09	-1.66	0.0
-0.89	-25.44	-2.2	0.0
-0.32	-24.89	-4.22	0.0
-1.37	-25.6	1.05	0.0
-0.22	-22.59	-1.75	0.0
-1.24	-23.79	1.4	0.0
-1.1	-23.48	2.44	0.0
-1.7	-23.67	-2.34	0.0
-1.49	-23.64	2.14	0.0
-2.9	-24.25	0.63	0.0
-2.52	-23.85	-0.01	0.0
-1.68	-23.39	0.45	0.0
-3.95	-22.93	2.99	0.0
-4.7	-21.36	-2.06	0.0
-1.53	-23.55	-7.5	0.0
-2.6	-21.73	1.47	0.0
-2.43	-22.26	1.04	0.0
-3.03	-19.7	3.66	0.0
-4.83	-21.78	2.25	0.0
-2.83	-22.76	6.85	0.0
-4.46	-22.74	5.33	0.0
-3.57	-24.68	0.25	0.0
-2.36	-21.0	2.16	0.0
-3.15	-22.27	-6.04	0.0
-3.19	-20.88	5.31	0.0
-2.17	-21.05	10.07	0.0
-4.46	-21.83	1.68	0.0
-3.03	-22.09	9.4	0.0
-3.15	-20.68	4.59	0.0
-3.25	-21.09	6.45	0.0
-5.43	-21.64	7.71	0.0
-4.35	-21.17	-0.68	0.0
-4.58	-20.91	0.78	0.0
-4.07	-20.86	6.48	0.0
-4.27	-21.4	3.17	0.0
-3.65	-21.5	2.6	0.0
-5.02	-23.21	1.07	0.0
-7.76	-19.12	0.11	0.0
-5.62	-22.15	-6.02	0.0
-5.04	-21.34	-2.87	0.0
-5.5	-21.08	-1.67	0.0
-3.84	-21.81	0.44	0.0
-5.25	-20.89	3.09	0.0
-5.23	-20.81	4.03	0.0
-4.12	-20.93	0.49	0.0
-4.23	-21.51	4.95	0.0
-4.33	-20.88	3.29	0.0
-3.76	-23.84	0.78	0.0
-4.26	-16.83	5.24	0.0
-2.85	-21.83	4.89	0.0
-6.31	-21.35	-0.41	0.0
-5.47	-19.74	1.53	0.0
-5.57	-20.54	-2.93	0.0
-3.9	-21.52	-0.69	0.0
-6.95	-20.4	-1.63	0.0
-6.19	-19.71	-2.64	0.0
-6.29	-20.88	-2.22	0.0
-5.7	-19.79	0.97	0.0
-5.62	-20.15	-0.66	0.0
-5.32	-16.87	-4.05	0.0
-6.16	-19.93	-5.41	0.0
-5.48	-18.58	-4.8	0.0
-5.31	-18.41	-0.27	0.0
-4.8	-17.38	0.04	0.0
-4.94	-19.29	0.6	0.0
-6.63	-18.89	1.21	0.0
-5.81	-18.58	1.12	0.0
-5.92	-18.94	0.82	0.0
-6.01	-19.44	2.45	0.0
-4.0	-18.71	3.56	0.0
-4.42	-18.64	1.66	0.0
-5.86	-19.0	0.33	0.0
-4.44	-18.98	5.06	0.0
-5.07	-17.41	-0.54	0.0
-5.31	-17.77	4.09	0.0
-4.92	-17.37	2.5	0.0
-6.47	-18.38	-0.6	0.0
-5.01	-16.39	2.3	0.0
-5.31	-18.74	5.58	0.0
-4.91	-18.32	3.88	0.0
-4.55	-17.86	5.61	0.0
-5.57	-17.26	4.82	0.0
-5.61	-17.98	-3.49	0.0
-6.46	-16.97	4.34	0.0
-6.71	-17.16	-10.91	0.0
-6.27	-15.31	-1.23	0.0
-5.08	-17.39	0.63	0.0
-6.83	-18.45	4.68	0.0
-4.7	-16.84	0.84	0.0
-3.41	-17.35	1.13	0.0
-5.81	-17.72	11.62	0.0
-5.52	-16.24	-2.24	0.0
-10.74	-14.91	2.47	0.0
-6.38	-14.83	4.09	0.0
-5.17	-16.17	-0.51	0.0
-6.25	-16.91	-1.0	0.0
-4.15	-15.93	3.84	0.0
-5.3	-15.43	1.31	0.0
-4.13	-15.34	5.61	0.0
-4.81	-16.33	-0.13	0.0
-7.36	-14.6	15.06	0.0
-4.51	-13.8	5.72	0.0
-6.63	-15.85	2.54	0.0
-6.19	-15.14	-2.2	0.0
-7.42	-17.82	2.17	0.0
-5.4	-16.92	4.94	0.0
-7.56	-16.11	3.23	0.0
-7.74	-15.99	7.49	0.0
-6.63	-16.08	8.25	0.0
-6.65	-14.08	-1.01	0.0
-7.38	-15.52	-2.51	0.0
-7.74	-14.76	3.85	0.0
-8.65	-16.36	1.81	0.0
-7.58	-16.91	4.47	0.0
-7.35	-16.78	1.34	0.0
-7.14	-15.0	3.02	0.0
-9.2	-14.97	-7.39	0.0
-3.71	-14.38	2.89	0.0
-8.79	-16.17	2.49	0.0
-7.37	-12.83	-7.53	0.0
-8.4	-17.38	-4.35	0.0
-6.53	-15.37	2.19	0.0
-5.91	-16.16	-0.94	0.0
-6.89	-14.39	3.46	0.0
-7.07	-16.78	-2.64	0.0
-7.63	-15.18	1.0	0.0
-6.69	-15.44	2.0	0.0
-5.0	-16.65	-2.01	0.0
-6.6	-15.96	6.27	0.0
-7.54	-15.31	1.12	0.0
-6.64	-15.13	4.88	0.0
-7.66	-15.59	-2.91	0.0
-7.68	-13.02	-0.4	0.0
-7.83	-14.89	2.89	0.0
-7.27	-14.08	9.99	0.0
-8.84	-14.21	6.77	0.0
-8.78	-13.13	0.76	0.0
-9.14	-12.65	-1.3	0.0
-11.56	-14.18	3.17	0.0
-8.2	-14.66	2.58	0.0
-7.8	-13.72	0.6	0.0
-10.38	-14.42	3.22	0.0
-9.28	-12.62	-0.35	0.0
-8.22	-13.53	1.18	0.0
-9.3	-14.34	5.46	0.0
-10.09	-13.5	6.14	0.0
-8.15	-12.82	3.25	0.0
-9.86	-13.36	1.63	0.0
-9.89	-12.72	0.93	0.0
-10.53	-12.06	3.47	0.0
-10.61	-14.15	7.81	0.0
-10.2	-14.27	-0.25	0.0
-9.8	-13.37	-2.07	0.0
-10.73	-12.04	-5.89	0.0
-8.73	-8.05	5.18	0.0
-9.64	-11.25	2.3	0.0
-11.39	-13.61	2.55	0.0
-9.78	-13.46	5.53	0.0
-10.78	-14.31	-0.65	0.0
-11.51	-14.28	-1.37	0.0
-10.35	-11.41	1.92	0.0
-11.15	-13.64	-4.16	0.0
-12.57	-13.99	3.3	0.0
-12.87	-14.15	2.6	0.0
-13.73	-14.7	-4.38	0.0
-13.22	-12.27	-0.66	0.0
-11.6	-13.42	1.41	0.0
-11.92	-11.35	13.16	0.0
-14.31	-10.99	-2.9	0.0
-11.6	-11.44	3.3	0.0
-11.74	-11.89	4.45	0.0
-11.02	-12.3	-0.04	0.0
-10.94	-11.33	-0.45	0.0
-14.55	-12.64	4.06	0.0
-12.95	-13.93	5.98	0.0
-13.2	-11.74	-0.08	0.0
-12.29	-12.77	2.26	0.0
-13.08	-12.82	-2.24	0.0
-12.43	-12.95	-5.67	0.0
-12.24	-9.75	0.0	0.0
-13.13	-11.15	-2.63	0.0
-11.82	-11.85	-0.71	0.0
-10.96	-10.63	1.47	0.0
-11.89	-10.82	-1.93	0.0
-11.97	-10.85	2.06	0.0
-12.84	-11.27	-0.63	0.0
-13.08	-11.16	2.16	0.0
-13.63	-12.06	0.42	0.0
-13.54	-11.28	6.25	0.0
-15.36	-11.04	-0.02	0.0
-18.86	-8.43	5.13	0.0
-15.74	-10.76	4.85	0.0
-15.32	-11.04	1.99	0.0
-14.92	-12.55	1.45	0.0
-14.38	-10.56	4.59	0.0
-15.98	-9.01	3.27	0.0
-14.63	-10.17	-4.37	0.0
-14.34	-10.6	-2.72	0.0
-15.49	-11.58	1.18	0.0
-15.01	-9.91	2.51	0.0
-15.53	-10.35	1.76	0.0
-15.23	-9.23	-1.37	0.0
-14.05	-10.45	-1.68	0.0
-16.79	-10.4	-2.37	0.0
-15.36	-10.78	-2.35	0.0
-14.97	-8.63	-0.13	0.0
-15.19	-8.12	3.8	0.0
-16.98	-9.57	-0.7	0.0
-14.7	-8.37	-12.07	0.0
-14.2	-9.5	-1.86	0.0
-14.43	-6.25	-1.04	0.0
-14.01	-9.03	5.48	0.0
-14.13	-7.03	-2.68	0.0
-15.13	-8.86	3.61	0.0
-15.52	-8.08	-1.32	0.0
-14.75	-8.81	-3.51	0.0
-15.37	-8.76	-0.31	0.0
-16.41	-7.91	-3.0	0.0
-15.64	-7.19	-2.48	0.0
-17.31	-7.24	-6.25	0.0
-18.41	-8.28	7.08	0.0
-16.85	-6.5	3.96	0.0
-15.13	-5.47	9.13	0.0
-15.86	-7.18	-1.19	0.0
-17.36	-8.84	-7.27	0.0
-15.19	-5.51	-1.82	0.0
-16.84	-7.59	-2.86	0.0
-16.97	-6.64	-1.68	0.0
-16.15	-9.17	-1.31	0.0
-16.7	-7.79	-0.6	0.0
-19.55	-9.45	-3.79	0.0
-16.49	-6.62	-1.79	0.0
-18.51	-4.8	-8.06	0.0
-17.86	-6.94	-10.64	1.0
-16.36	-7.37	-6.71	1.0
-16.44	-7.43	0.44	1.0
-15.58	-8.09	-0.17	1.0
-13.8	-7.77	2.99	1.0
-14.94	-8.21	3.9	1.0
-15.07	-10.47	10.41	1.0
-16.12	-8.84	18.29	1.0
-11.78	-10.23	6.63	1.0
-13.71	-8.71	3.38	1.0
-11.49	-9.07	0.5	1.0
-11.01	-6.53	0.24	1.0
-10.86	-7.22	-0.76	1.0
-12.24	-8.6	1.23	1.0
-11.9	-9.13	5.33	1.0
-12.9	-8.37	2.71	1.0
-11.07	-7.27	-0.42	1.0
-10.7	-7.59	0.64	1.0
-12.82	-7.48	1.16	0.0
-12.41	-8.05	1.78	0.0
-11.51	-8.09	3.28	0.0
-10.25	-8.18	-1.83	0.0
-11.51	-8.52	4.72	0.0
-10.92	-8.26	-1.66	0.0
-10.98	-9.21	-1.7	0.0
-12.96	-5.77	0.23	0.0
-10.27	-7.86	3.96	0.0
-11.95	-7.23	-19.85	0.0
-9.63	-7.3	-9.38	0.0
-11.85	-6.29	-4.04	0.0
-12.09	-7.56	-1.95	0.0
-13.15	-7.71	0.38	0.0
-12.81	-6.81	1.74	0.0
-11.68	-6.14	3.16	0.0
-12.78	-5.8	0.32	0.0
-11.73	-6.4	-2.15	0.0
-11.47	-6.43	-4.73	0.0
-12.07	-7.25	-0.72	0.0
-11.48	-7.27	-5.34	0.0
-12.28	-7.19	-7.99	0.0
-12.16	-6.68	-0.89	0.0
-13.09	-5.64	-2.34	0.0
-12.59	-5.98	3.48	0.0
-13.95	-6.71	-0.91	0.0
-12.03	-5.66	1.84	0.0
-13.37	-6.2	3.53	0.0
-12.8	-7.63	-4.18	0.0
-13.12	-6.18	0.5	0.0
-12.71	-8.32	-2.36	0.0
-14.34	-6.21	-2.53	0.0
-14.71	-5.93	-5.35	0.0
-12.94	-7.3	-3.82	0.0
-11.88	-6.72	0.84	0.0
-11.68	-7.7	-6.41	0.0
-12.42	-5.2	2.99	0.0
-15.03	-6.04	-0.58	0.0
-12.45	-5.92	-3.06	0.0
-13.19	-7.0	0.14	0.0
-14.6	-5.33	0.66	0.0
-14.28	-7.16	-5.51	0.0
-14.3	-6.96	-1.78	0.0
-14.16	-5.76	0.5	0.0
-14.57	-7.69	0.69	0.0
-18.18	-5.86	-0.75	0.0
-16.15	-6.93	-7.21	0.0
-13.19	-6.87	-1.77	0.0
-13.5	-6.64	-1.7	0.0
-11.27	-6.97	-1.2	0.0
-12.89	-6.93	-2.0	0.0
-15.37	-5.14	-0.37	0.0
-12.9	-5.39	-3.51	0.0
-12.78	-5.43	2.11	0.0
-14.87	-4.51	-0.09	0.0
-14.28	-4.75	-4.57	0.0
-11.17	-3.25	3.19	0.0
-13.61	-2.72	3.93	0.0
-15.1	-5.47	-0.45	0.0
-13.52	-4.9	0.04	0.0
-14.19	-3.78	-0.14	0.0
-13.07	-5.16	-4.82	0.0
-13.75	-3.84	-2.5	0.0
-13.98	-4.81	-0.74	0.0
-13.94	-4.41	1.16	0.0
-15.49	-3.69	-1.11	0.0
-14.34	-3.96	-0.69	0.0
-14.13	-4.24	-0.79	0.0
-15.37	-4.23	-0.41	0.0
-15.34	-3.59	-0.54	0.0
-15.76	-4.09	-1.57	0.0
-14.23	-2.44	-3.54	0.0
-15.06	-2.68	-2.44	0.0
-14.18	-4.66	-0.34	0.0
-15.0	-3.23	5.24	0.0
-15.22	-4.66	4.03	0.0
-15.44	-4.03	-0.64	0.0
-17.28	-4.36	1.71	0.0
-16.82	2.26	4.11	0.0
-15.06	-2.44	-1.06	0.0
-13.57	-1.37	-0.9	0.0
-14.25	-3.57	0.54	0.0
-15.38	-3.9	0.78	0.0
-16.29	-5.2	-1.65	0.0
-15.3	-2.95	-4.45	0.0
-15.67	-4.12	0.67	0.0
-15.62	-4.46	0.57	0.0
-17.18	-3.38	1.76	0.0
-17.87	-4.02	-1.9	0.0
-16.47	-3.1	3.52	0.0
-17.46	-1.57	2.54	0.0
-15.25	-1.06	1.94	0.0
-15.77	-1.39	4.25	0.0
-17.8	-2.21	4.27	0.0
-16.13	-3.01	4.14	0.0
-14.0	-1.5	3.19	0.0
-15.86	-1.71	5.44	0.0
-16.22	-2.49	4.31	0.0
-16.93	-0.52	2.17	0.0
-17.96	0.02	4.49	0.0
-18.46	-0.61	5.45	0.0
-17.29	-0.87	5.43	0.0
-18.54	-1.55	2.66	0.0
-18.42	-1.73	-2.77	0.0
-18.58	-1.52	-0.14	0.0
-18.23	-0.85	1.61	0.0
-19.07	-0.62	4.81	0.0
-18.04	0.11	7.67	0.0
-18.5	1.09	3.63	0.0
-18.36	0.75	0.11	0.0
-16.59	-0.1	2.49	0.0
-16.86	-2.59	4.74	0.0
-16.28	-1.2	1.33	0.0
-16.94	1.19	-0.31	0.0
-17.91	-0.87	-1.61	0.0
-18.86	0.75	6.4	0.0
-19.94	1.07	2.31	0.0
-20.83	-0.63	1.61	0.0
-18.83	-1.39	1.95	0.0
-19.59	1.69	3.04	1.0
-20.04	-0.58	-0.33	1.0
-20.47	-0.28	3.64	1.0
-21.78	-0.51	4.79	1.0
-18.86	-3.65	-8.45	1.0
-21.45	-0.33	6.82	1.0
-22.03	1.41	9.75	1.0
-21.62	0.09	1.28	1.0
-20.42	-0.29	1.81	1.0
-20.64	0.69	-0.18	1.0
-20.21	0.65	1.7	1.0
-22.07	0.43	3.34	1.0
-21.36	0.66	2.43	1.0
-21.86	-0.03	-0.78	1.0
-18.8	0.83	0.2	1.0
-19.6	-0.29	11.41	1.0
-19.41	2.2	-0.13	1.0
-20.22	2.92	3.08	1.0
-19.02	1.64	1.88	1.0
-15.24	0.9	9.66	1.0
-14.62	1.42	6.27	1.0
-11.69	-1.13	2.71	1.0
-8.52	-5.21	0.45	1.0
-6.52	-7.53	-1.27	1.0
-5.06	-5.94	8.42	1.0
-3.87	-9.37	0.27	1.0
-2.18	-11.2	-0.49	1.0
2.1	-11.83	-4.21	1.0
4.58	-12.21	-0.52	1.0
3.37	-12.43	0.59	1.0
3.21	-12.68	-1.87	1.0
2.34	-14.09	-0.69	1.0
4.39	-13.46	1.52	1.0
4.39	-13.08	0.67	1.0
4.33	-15.11	-5.34	1.0
5.92	-14.92	0.46	1.0
5.76	-15.25	-1.06	1.0
5.45	-13.62	-2.98	1.0
6.71	-14.49	-4.74	1.0
7.25	-14.91	-2.56	1.0
7.5	-14.17	3.97	1.0
9.76	-16.14	-3.45	1.0
7.92	-16.09	-9.34	1.0
9.08	-16.2	-5.78	1.0
9.64	-16.44	-2.37	1.0
11.25	-15.74	-6.26	1.0
10.61	-17.67	-3.12	1.0
12.35	-12.65	-4.22	1.0
9.67	-13.43	-5.78	1.0
10.0	-15.54	-9.21	1.0
10.36	-14.49	-5.13	1.0
10.4	-14.81	-0.07	1.0
12.36	-15.39	-1.38	1.0
9.49	-15.17	-2.25	1.0
7.81	-12.08	-6.76	1.0
9.94	-13.37	-4.2	0.0
10.73	-15.14	-16.08	0.0
11.51	-14.74	-4.93	0.0
9.72	-11.69	-0.9	0.0
7.8	-12.67	-3.55	0.0
9.27	-13.55	-1.52	0.0
9.84	-14.09	-2.81	0.0
8.56	-13.68	2.62	0.0
7.26	-14.95	-2.95	0.0
8.78	-13.89	-2.68	0.0
8.0	-14.26	-7.38	0.0
8.61	-15.88	-2.24	0.0
9.55	-13.51	-2.67	0.0
8.03	-11.62	-4.07	0.0
9.51	-12.77	-7.51	0.0
8.93	-13.69	-4.92	0.0
9.77	-12.01	-4.2	0.0
10.36	-12.87	-0.68	0.0
10.51	-13.59	-3.52	0.0
9.03	-10.85	-4.56	0.0
9.18	-12.8	1.8	0.0
7.62	-12.3	0.96	0.0
8.41	-12.7	3.08	0.0
7.89	-11.48	3.57	0.0
9.72	-11.27	6.01	0.0
9.84	-11.5	-1.49	0.0
8.55	-12.53	-2.87	0.0
9.43	-10.88	-2.71	0.0
9.34	-11.38	2.02	0.0
8.73	-12.52	-8.79	0.0
9.14	-13.23	-10.91	0.0
8.76	-12.82	-1.04	0.0
9.34	-11.71	-5.58	0.0
10.31	-13.71	-5.37	0.0
9.5	-12.39	-4.39	0.0
8.63	-11.8	-7.03	0.0
9.36	-12.37	-3.8	0.0
7.61	-14.47	-4.62	0.0
7.75	-13.7	-1.47	0.0
7.33	-11.99	-0.02	0.0
8.1	-11.88	-2.57	0.0
9.14	-12.66	-4.2	0.0
9.04	-12.66	2.52	0.0
8.48	-11.29	-3.31	0.0
9.16	-13.04	-4.64	0.0
8.74	-12.26	-1.75	0.0
8.44	-11.71	-4.07	0.0
7.47	-11.95	-0.3	0.0
7.68	-13.04	-1.2	0.0
7.29	-12.32	-2.62	0.0
8.49	-12.34	0.73	0.0
7.75	-10.25	-8.16	0.0
7.96	-11.19	-4.34	0.0
7.81	-11.56	-3.12	0.0
7.62	-11.62	0.17	0.0
8.65	-11.04	-4.34	0.0
8.61	-12.95	-4.11	0.0
7.21	-10.97	-0.64	0.0
7.41	-11.14	-1.07	0.0
7.26	-12.12	0.61	0.0
4.33	-12.31	-2.61	0.0
7.16	-11.12	-2.22	0.0
5.75	-10.88	-9.73	0.0
6.53	-8.46	-5.44	0.0
6.54	-9.91	-1.33	0.0
7.14	-9.05	-3.52	0.0
6.77	-11.85	-3.17	0.0
6.17	-10.5	-4.14	0.0
6.8	-9.41	-3.3	0.0
5.56	-9.01	1.7	0.0
3.99	-11.42	-4.93	0.0
5.0	-8.66	-7.87	0.0
7.15	-8.97	-4.17	0.0
8.68	-10.74	2.48	0.0
7.26	-11.99	-4.84	0.0
6.35	-11.24	-0.3	0.0
2.83	-7.45	-5.32	0.0
5.63	-11.09	-0.05	0.0
2.87	-10.83	9.24	0.0
4.86	-10.72	0.46	0.0
5.37	-9.64	-3.72	0.0
6.27	-9.82	-1.16	0.0
4.46	-9.63	-1.73	0.0
5.77	-9.88	-4.94	0.0
5.65	-9.27	-6.74	0.0
6.35	-8.19	-2.84	0.0
5.44	-9.18	-6.08	0.0
6.02	-8.04	-2.92	0.0
5.29	-7.58	-1.16	0.0
4.63	-9.32	-3.23	0.0
5.95	-8.65	-1.61	0.0
5.37	-7.71	-1.32	0.0
5.01	-9.39	-3.14	0.0
5.39	-6.76	-0.47	0.0
6.64	-8.99	-2.25	0.0
8.53	-9.14	-4.83	0.0
8.33	-8.68	-7.75	0.0
7.89	-8.94	-7.24	0.0
6.84	-9.54	0.65	0.0
7.66	-9.03	-0.24	0.0
8.4	-9.59	-1.26	0.0
6.75	-8.79	-5.57	0.0
8.22	-7.19	-2.61	0.0
8.23	-7.96	-1.04	0.0
7.81	-8.67	5.44	0.0
8.19	-8.94	1.26	0.0
5.94	-8.37	3.21	0.0
6.4	-9.69	1.33	0.0
8.36	-6.29	1.67	0.0
9.6	-4.05	-2.26	0.0
6.4	-7.57	0.1	0.0
5.43	-6.86	-2.53	0.0
4.37	-7.97	-2.33	0.0
6.77	-8.28	-3.46	0.0
4.94	-6.75	-2.41	0.0
5.52	-8.44	-2.79	0.0
4.96	-7.65	-6.03	0.0
5.43	-6.16	0.59	0.0
6.91	-7.34	1.98	0.0
4.67	-5.75	-7.51	0.0
4.88	-6.07	-6.84	0.0
5.79	-6.21	-7.97	0.0
3.89	-5.72	-4.24	0.0
3.72	-5.69	-2.89	0.0
2.31	-8.43	2.46	0.0
4.91	-5.56	-3.07	0.0
4.38	-6.38	-4.86	0.0
3.14	-8.24	-3.16	0.0
4.26	-4.56	2.63	0.0
5.06	-7.34	-3.31	0.0
3.79	-6.17	1.16	0.0
2.67	-6.5	-4.12	0.0
4.73	-5.72	0.67	0.0
2.91	-6.31	0.95	0.0
1.79	-5.23	-0.99	0.0
2.71	-5.93	-1.14	0.0
3.76	-5.99	4.18	0.0
3.36	-5.14	1.17	0.0
2.54	-6.12	0.57	0.0
2.94	-6.6	7.03	0.0
2.85	-5.76	-2.76	0.0
2.62	-7.8	-4.05	0.0
1.18	-4.99	0.86	0.0
3.65	-6.97	4.99	0.0
4.25	-6.18	-3.21	0.0
5.38	-4.85	-8.4	0.0
2.87	-5.31	-8.67	0.0
2.16	-5.85	-11.03	0.0
3.48	-4.36	-3.78	0.0
3.92	-4.01	-2.57	0.0
2.21	-4.45	-3.5	0.0
3.88	-4.05	-3.18	0.0
2.67	-4.66	-6.1	0.0
1.92	-3.45	-0.49	0.0
2.49	-3.97	-1.01	0.0
3.25	-3.09	-0.49	0.0
1.15	-2.88	2.63	0.0
1.96	-4.52	-4.67	0.0
2.54	-3.47	-1.05	0.0
3.75	-6.12	-1.85	0.0
-1.99	-2.94	-5.6	0.0
2.09	-3.47	-9.63	0.0
3.02	-4.37	-5.02	0.0
2.8	-4.06	-5.69	0.0
1.6	-4.57	-6.06	0.0
1.89	-4.09	-3.28	0.0
2.63	-3.15	-3.23	0.0
3.02	-4.11	-0.08	0.0
2.01	-5.28	0.3	0.0
2.08	-5.47	-4.25	0.0
-0.63	-1.9	-5.92	0.0
2.73	-4.63	1.44	0.0
1.73	-2.05	-1.39	0.0
2.45	-2.42	-1.92	0.0
0.08	-2.99	-0.57	0.0
1.87	-2.6	-8.17	0.0
-0.79	-5.26	-4.42	0.0
0.9	-2.82	-2.82	0.0
0.06	-2.88	-9.22	0.0
1.21	-2.57	-2.3	0.0
1.2	-3.33	-6.7	0.0
-0.13	-2.78	0.19	0.0
1.51	-2.12	-3.49	0.0
0.39	-3.34	-0.27	0.0
-0.26	-3.44	3.67	0.0
0.24	-2.27	-1.31	0.0
-0.33	-2.86	-2.21	0.0
-1.77	-3.64	-6.5	0.0
-0.4	-2.87	-8.4	0.0
-0.86	-3.34	-9.9	0.0
0.54	-2.64	-11.19	0.0
-0.61	-1.67	-7.39	0.0
-0.06	-1.82	-6.01	0.0
0.04	-1.86	-5.28	0.0
-1.02	-1.16	-2.33	0.0
-0.1	-2.3	-7.94	0.0
-1.14	0.06	7.21	0.0
-1.57	-0.08	-2.49	0.0
-1.12	-2.34	-9.78	0.0
0.41	-1.63	-11.08	0.0
-0.49	-3.18	-3.06	0.0
-0.89	-1.71	-6.57	0.0
-3.17	-2.5	-6.63	0.0
-2.95	-3.94	-1.82	0.0
-3.92	-3.64	-12.31	0.0
-1.43	-1.52	-11.4	0.0
-2.11	-2.78	-5.72	0.0
-2.95	-1.6	-6.24	0.0
-2.37	-1.87	-10.31	0.0
-0.49	-0.37	-12.33	0.0
-1.24	0.02	-7.47	0.0
-1.8	-2.68	-5.85	0.0
-2.33	-0.29	-2.27	0.0
-4.38	1.79	-7.18	0.0
-1.83	-0.68	-5.75	0.0
-3.18	-1.84	-6.67	0.0
-1.94	1.18	-7.42	0.0
-0.82	-0.29	-7.32	0.0
-3.29	-1.45	-1.97	0.0
-2.16	-0.97	-4.27	0.0
-3.2	-1.53	-7.29	0.0
-2.77	-0.59	-6.17	0.0
-1.16	-1.2	-4.01	0.0
-2.36	-0.77	-8.78	0.0
-2.69	-0.84	-6.55	0.0
-3.15	0.32	-3.83	0.0
-3.3	-1.09	-2.36	0.0
-2.75	-0.3	-1.74	0.0
-4.06	-0.51	-9.44	0.0
-4.31	-0.59	-4.03	0.0
-5.81	-0.3	-3.59	0.0
-3.51	0.04	-6.97	0.0
-3.25	0.12	-6.63	0.0
-4.44	1.53	-2.76	0.0
-2.2	0.35	-6.57	0.0
-4.32	0.05	-6.53	0.0
-3.32	0.26	-6.17	0.0
-2.63	1.69	-3.74	0.0
-3.63	-0.81	-5.38	0.0
-4.13	0.77	-5.23	0.0
-2.71	0.62	-5.77	0.0
-3.2	0.48	5.75	0.0
-3.65	0.73	-2.99	0.0
-2.19	1.05	-5.44	0.0
-4.26	2.19	-3.58	0.0
-2.21	3.12	-2.1	0.0
-2.51	2.72	-5.1	0.0
-1.13	1.58	-3.97	0.0
-1.19	2.57	-3.07	0.0
-1.84	2.06	-4.16	0.0
-1.1	1.36	1.64	0.0
-1.78	2.46	-8.33	0.0
-2.69	2.01	-8.06	0.0
0.39	2.92	-8.74	0.0
0.14	2.17	-7.43	0.0
0.05	1.13	-7.59	0.0
1.33	1.91	-10.49	0.0
0.76	1.46	-8.88	0.0
2.47	2.04	-5.55	0.0
-1.33	0.95	-13.08	0.0
0.86	3.25	-2.64	0.0
-0.46	3.56	-13.95	0.0
-0.1	1.56	-12.41	0.0
0.58	2.19	-7.5	0.0
1.89	3.74	-12.81	0.0
0.29	3.0	-15.08	0.0
-0.99	2.2	-8.18	0.0
-0.05	2.35	-7.55	0.0
-0.71	2.38	-6.82	0.0
-0.61	2.61	-9.38	0.0
0.28	3.74	-5.16	0.0
0.36	3.89	-5.95	0.0
-1.01	3.25	-8.45	0.0
-0.52	3.1	-10.08	0.0
-0.73	2.38	-9.88	0.0
-0.71	1.97	-6.46	0.0
-0.32	3.7	-6.93	0.0
-1.45	3.71	-5.01	0.0
-1.22	2.2	-6.05	0.0
-0.78	1.99	-1.11	0.0
-0.88	5.0	-7.07	0.0
-0.52	5.19	-6.61	0.0
-1.64	3.74	-5.73	0.0
-2.05	3.15	-8.06	0.0
-1.98	0.39	-11.87	0.0
-1.55	2.4	-6.89	0.0
-2.52	4.09	-4.11	0.0
-2.69	4.39	-8.89	0.0
-0.95	4.42	-2.9	0.0
-0.86	4.69	-5.89	0.0
-1.51	1.79	-5.9	0.0
-2.19	4.55	-5.62	0.0
-1.58	3.02	-7.58	0.0
-0.58	3.99	-9.31	0.0
-1.05	4.77	-5.18	0.0
0.19	4.29	-3.21	0.0
-2.27	4.68	-6.86	0.0
-0.59	5.86	-5.39	0.0
-1.18	5.58	-7.78	0.0
-2.13	5.62	-5.49	0.0
-1.47	5.0	-7.01	0.0
-1.15	4.27	0.35	0.0
-2.74	3.37	-5.5	0.0
-2.93	5.37	-0.9	0.0
-2.23	4.77	-6.66	0.0
-1.58	6.71	-6.5	0.0
-1.5	7.11	-5.31	0.0
-1.97	7.22	-7.41	0.0
-2.46	4.9	-5.52	0.0
-4.8	5.96	-0.69	0.0
-3.82	5.42	-2.46	0.0
-3.45	6.92	-5.15	0.0
-3.67	4.4	-3.27	0.0
-2.97	6.16	-4.61	0.0
-3.3	5.15	-8.83	0.0
-3.52	5.64	-8.28	0.0
-2.7	4.95	-5.89	0.0
-5.7	5.49	-2.21	0.0
-3.32	5.66	-3.74	0.0
-1.85	5.27	-3.15	0.0
-3.88	5.21	-9.18	0.0
-2.17	6.0	-2.71	0.0
-3.02	6.75	0.66	0.0
-5.29	5.45	-0.57	0.0
-3.14	7.24	-1.23	0.0
-3.22	7.66	-3.64	0.0
-3.17	6.77	-3.64	0.0
-2.66	7.81	-3.51	0.0
-3.21	6.22	-9.31	0.0
-4.13	6.35	-7.7	0.0
-4.42	6.19	-5.98	0.0
-3.1	5.64	-10.49	0.0
-2.44	6.09	-1.46	0.0
-2.11	6.46	-0.67	0.0
-2.77	5.24	-1.31	0.0
-1.82	7.78	-2.32	0.0
-2.27	6.09	-2.27	0.0
-2.43	5.48	-5.09	0.0
-2.37	5.95	2.7	0.0
-2.64	6.64	-2.2	0.0
-3.02	7.62	-2.52	0.0
-4.6	6.49	-4.84	0.0
-2.52	8.04	-5.35	0.0
-2.62	7.14	-5.48	0.0
-1.94	6.69	-0.3	0.0
-3.04	6.65	-3.39	0.0
-3.39	7.15	-5.7	0.0
-2.65	8.44	-2.02	0.0
-3.02	8.49	-2.55	0.0
-4.23	6.99	-3.67	0.0
-3.22	6.77	-0.42	0.0
-3.84	9.16	-4.03	0.0
-4.95	9.51	-2.45	0.0
-4.08	8.25	-6.16	0.0
-3.69	6.73	-7.88	0.0
-2.44	8.49	-0.08	0.0
-2.98	7.84	-0.45	0.0
-2.44	8.72	-2.03	0.0
-4.11	9.37	-8.03	0.0
-4.54	8.11	-11.43	0.0
-4.23	9.91	-5.57	0.0
-7.61	6.95	-7.48	0.0
-3.33	7.84	-7.43	0.0
-3.06	8.53	-6.54	0.0
-5.45	9.61	-5.97	0.0
-5.31	9.12	-7.16	0.0
-5.29	9.31	-6.41	0.0
-1.95	9.71	-8.23	0.0
-2.92	8.78	-7.61	0.0
-4.73	10.32	-9.47	0.0
-4.28	10.22	-5.41	0.0
-4.98	9.09	-1.41	0.0
-4.73	8.96	-10.0	0.0
-7.38	7.42	0.92	0.0
-5.77	12.55	-10.7	0.0
-6.4	11.32	-2.92	0.0
-6.01	10.19	-8.81	0.0
-6.92	9.95	-8.25	0.0
-5.66	9.45	-0.24	0.0
-7.58	9.96	-2.61	0.0
-5.4	10.03	4.67	0.0
-7.73	8.24	-3.01	0.0
-8.64	9.38	-4.27	0.0
-7.8	9.66	-4.15	0.0
-6.9	10.68	-0.84	0.0
-7.32	9.08	-6.08	0.0
-7.75	9.12	-3.09	0.0
-7.02	10.07	-3.93	0.0
-5.1	10.99	-2.61	0.0
-9.13	10.01	-12.17	0.0
-8.55	9.86	-5.36	0.0
-7.52	10.37	-6.37	0.0
-7.71	9.17	-5.38	0.0
-6.83	10.47	-5.65	0.0
-8.61	10.19	-3.42	0.0
-5.24	12.8	-3.56	0.0
-8.64	9.6	-6.5	0.0
-6.94	11.25	3.17	0.0
-7.12	10.76	-2.36	0.0
-6.95	12.06	-1.02	0.0
-7.75	11.42	-7.64	0.0
-8.55	11.37	-5.89	0.0
-8.15	11.35	-7.99	0.0
-8.91	11.19	-1.55	0.0
-8.9	12.59	-8.99	0.0
-8.14	11.72	-0.14	0.0
-8.38	11.28	-3.37	0.0
-9.79	11.18	-3.62	0.0
-7.36	12.69	-3.38	0.0
-7.45	12.2	-2.57	0.0
-9.56	11.31	-4.91	0.0
-7.0	11.98	-4.46	0.0
-8.67	11.74	-2.45	0.0
-9.18	12.71	-1.54	0.0
-9.59	13.22	-1.06	0.0
-8.39	12.43	-0.68	0.0
-11.73	13.15	-8.11	0.0
-10.24	10.92	-7.35	0.0
-7.46	13.39	-4.42	0.0
-8.96	12.06	-0.54	0.0
-9.52	13.18	-6.64	0.0
-9.88	12.49	-4.46	0.0
-9.29	11.57	-4.22	0.0
-10.43	10.53	-6.79	0.0
-9.37	14.8	-4.04	0.0
-10.31	12.29	-8.78	0.0
-9.03	13.15	-12.51	0.0
-6.77	10.27	-15.98	0.0
-7.79	11.74	-14.19	0.0
-8.96	12.84	-7.15	0.0
-9.41	13.44	-6.89	0.0
-9.2	14.02	-6.09	0.0
-9.73	14.12	1.81	0.0
-10.2	13.4	0.44	0.0
-11.72	12.54	1.62	0.0
-11.83	14.57	1.73	0.0
-10.28	13.08	-2.05	0.0
-11.83	14.89	-0.98	0.0
-11.18	14.44	-3.93	0.0
-10.96	14.02	-4.68	0.0
-10.98	12.91	-5.03	0.0
-10.45	13.91	-8.15	0.0
-10.43	12.47	-3.15	0.0
-9.88	14.89	1.77	0.0
-9.51	13.39	9.18	0.0
-9.27	14.72	4.02	0.0
-11.02	14.27	12.95	0.0
-10.5	15.97	6.43	0.0
-12.11	14.6	5.12	0.0
-12.28	15.03	5.66	0.0
-12.7	15.28	3.81	0.0
-11.46	15.24	6.94	0.0
-10.96	12.66	-5.4	0.0
-11.49	14.22	-6.48	0.0
-10.22	12.72	-1.83	0.0
-11.4	14.91	-1.28	0.0
-11.48	16.02	-3.29	0.0
-10.97	17.07	-0.56	0.0
-13.34	14.68	-0.84	0.0
-11.59	15.95	-1.58	0.0
-12.01	15.96	-3.86	0.0
-11.87	15.97	-1.66	0.0
-12.26	15.24	2.29	0.0
-12.06	15.91	-1.02	0.0
-11.59	16.22	-0.29	0.0
-11.93	14.87	3.71	0.0
-10.83	14.74	5.41	0.0
-10.94	14.8	4.65	0.0
-12.47	15.78	-3.79	0.0
-10.63	17.12	-6.93	0.0
-11.87	16.54	-6.37	0.0
-12.04	16.53	-1.29	0.0
-9.71	16.77	-0.74	0.0
-12.04	16.98	-4.74	0.0
-12.9	16.24	-3.21	0.0
-13.01	16.35	-6.06	0.0
-13.06	17.27	-4.99	0.0
-13.34	16.1	-3.19	0.0
-13.9	18.26	-12.23	0.0
-13.58	18.06	-7.46	0.0
-14.06	16.5	-3.24	0.0
-14.36	16.0	-4.67	0.0
-14.5	15.27	-7.44	0.0
-11.72	18.03	-0.23	0.0
-13.96	16.07	-4.17	0.0
-13.56	17.26	-5.33	0.0
-13.25	17.53	-8.12	0.0
-13.7	16.84	-6.25	0.0
-14.34	17.2	-1.51	0.0
-13.86	18.01	-4.21	0.0
-15.4	17.99	-13.47	0.0
-13.22	20.06	-12.58	0.0
-13.56	19.69	0.07	0.0
-13.0	20.33	-5.43	0.0
-13.54	18.77	-8.11	0.0
-14.4	18.39	-1.27	0.0
-14.93	18.23	-3.27	0.0
-14.95	17.99	-4.23	0.0
-14.05	16.82	-4.42	0.0
-14.07	17.23	-5.05	0.0
-14.1	17.2	-6.04	0.0
-15.18	15.38	-5.42	0.0
-14.59	18.02	6.34	0.0
-15.77	18.22	-2.2	0.0
-15.93	19.69	-6.21	0.0
-15.08	20.18	-4.59	0.0
-16.68	18.93	-2.04	0.0
-16.22	19.78	-1.83	0.0
-15.32	20.06	-2.51	0.0
-16.21	18.34	-6.8	0.0
-16.39	17.6	-8.08	0.0
-17.2	17.89	1.19	0.0
-15.93	19.37	-0.1	0.0
-17.47	18.14	-2.14	0.0
-14.74	20.23	-5.66	0.0
-16.85	19.79	-0.44	0.0
-16.58	18.96	-6.48	0.0
-17.02	18.79	-5.56	0.0
-18.06	19.73	-6.45	0.0
-16.45	19.16	-7.91	0.0
-16.01	18.55	-10.77	0.0
-15.94	19.07	-4.66	0.0
-16.14	19.02	-3.51	0.0
-15.08	20.5	-4.26	0.0
-16.19	19.53	-4.87	0.0
-16.63	19.81	-5.78	0.0
-15.18	19.7	-5.31	0.0
-15.47	20.5	-4.2	0.0
-16.69	20.08	-5.18	0.0
-16.47	20.46	-2.27	0.0
-16.39	18.81	-6.46	0.0
-16.09	18.69	-8.33	0.0
-17.39	19.35	-1.96	0.0
-17.61	17.69	-7.93	0.0
-16.66	21.79	-0.2	0.0
-14.69	21.38	-1.28	0.0
-16.9	21.05	-1.95	0.0
-15.89	19.28	-2.82	0.0
-17.21	19.92	-4.78	0.0
-16.36	18.89	0.98	0.0
-15.38	22.25	-5.17	0.0
-17.39	18.46	-9.9	0.0
-18.17	20.52	-6.08	0.0
-16.9	20.11	-10.32	0.0
-17.28	20.41	-5.61	0.0
-16.42	21.98	-0.15	0.0
-17.66	20.42	-8.08	0.0
-18.07	16.62	-11.94	0.0
-17.09	19.47	-14.92	0.0
-19.34	21.17	-8.63	0.0
-17.34	21.28	-3.72	0.0
-17.6	21.06	-9.74	0.0
-17.84	20.72	-7.08	0.0
-19.7	24.02	-6.63	0.0
-17.86	22.04	-5.82	0.0
-16.4	21.25	-11.44	0.0
-19.51	22.72	4.13	0.0
-18.66	21.42	-17.47	0.0
-21.72	21.47	-7.08	0.0
-20.45	20.6	-7.03	0.0
-18.05	21.75	-6.61	1.0
-18.79	23.03	-6.12	1.0
-18.39	21.74	-5.5	1.0
-17.64	22.31	-5.95	1.0
-17.21	23.03	-10.44	1.0
-18.58	22.44	-8.21	1.0
-18.0	22.34	-6.12	1.0
-17.79	21.79	-4.14	1.0
-17.71	22.28	-1.49	1.0
-20.49	22.67	6.75	1.0
-19.77	21.9	-2.67	1.0
-17.75	22.7	-2.87	1.0
-17.8	21.28	-5.51	1.0
-15.06	22.05	-2.85	1.0
-14.38	20.08	-5.12	1.0
-12.87	22.8	-3.52	1.0
-13.6	21.81	-3.51	1.0
-14.57	20.43	-1.06	1.0
-13.33	19.96	-4.97	1.0
-11.94	21.84	-4.36	1.0
-10.54	20.12	-2.67	1.0
-8.36	19.86	3.24	1.0
-8.6	22.46	-7.83	1.0
-10.62	19.91	-12.64	1.0
-9.38	21.29	-7.26	1.0
-11.47	21.66	-3.38	1.0
-10.66	21.32	-7.28	1.0
-9.88	20.01	-7.64	1.0
-10.56	19.39	-5.48	1.0
-9.5	22.43	-2.71	1.0
-10.65	20.01	-6.06	1.0
-10.97	19.46	-8.16	1.0
-11.21	19.67	-3.13	0.0
-11.49	19.54	-1.18	0.0
-11.96	19.8	-0.23	0.0
-11.2	21.38	-0.82	0.0
-9.88	20.44	-2.48	0.0
-11.02	22.52	-6.15	0.0
-10.63	22.86	1.87	0.0
-10.46	21.31	-3.1	0.0
-10.69	22.59	-2.66	0.0
-11.08	21.42	-8.72	0.0
-11.18	21.54	-2.93	0.0
-10.66	20.59	-12.4	0.0
-11.55	19.5	-11.48	0.0
-13.74	19.52	-8.75	0.0
-11.54	21.51	-6.99	0.0
-11.57	21.87	-8.44	0.0
-8.75	23.04	-7.61	0.0
-10.2	22.46	-5.35	0.0
-12.22	22.63	-4.4	0.0
-10.54	22.95	-5.22	0.0
-10.25	22.44	-1.07	0.0
-11.78	24.18	-3.54	0.0
-11.87	22.56	-4.88	0.0
-12.62	20.1	-7.85	0.0
-12.34	20.3	-6.48	0.0
-11.21	21.49	-7.31	0.0
-9.27	19.64	-11.39	0.0
-11.87	20.97	-6.07	0.0
-12.66	21.7	-5.25	0.0
-11.82	21.92	-7.78	0.0
-11.73	23.54	-2.64	0.0
-11.65	24.75	-5.58	0.0
-12.29	23.65	-4.34	0.0
-10.6	24.44	-7.78	0.0
-12.78	23.66	-3.03	0.0
-13.11	23.68	-3.61	0.0
-13.2	23.11	-8.69	0.0
-14.31	23.77	-6.63	0.0
-14.34	25.31	-10.63	0.0
-15.22	23.17	-6.53	0.0
-13.44	23.69	-5.65	0.0
-13.35	23.91	-1.3	0.0
-14.77	22.6	-7.51	0.0
-14.27	23.33	-5.53	0.0
-13.73	24.01	-6.95	0.0
-15.72	25.11	-4.11	0.0
-13.85	24.14	-2.72	0.0
-14.55	25.06	-9.91	0.0
-14.18	25.14	-7.57	0.0
-14.97	25.03	-6.3	0.0
-14.52	25.06	-5.64	0.0
-14.34	22.8	-8.84	0.0
-13.54	24.96	-8.53	0.0
-13.4	26.64	-8.89	0.0
-16.78	25.02	-12.29	0.0
-15.09	24.22	-0.61	0.0
-13.67	25.19	-0.6	0.0
-13.5	23.97	-5.06	0.0
-13.7	25.15	-3.32	0.0
-14.2	24.31	-7.55	0.0
-13.67	24.88	-4.7	0.0
-13.86	23.76	-6.08	0.0
-12.33	22.59	-6.5	0.0
-13.99	25.04	-4.73	0.0
-13.5	24.27	-4.59	0.0
-12.01	26.51	-7.46	0.0
-13.01	25.99	-4.68	0.0
-10.62	26.85	-14.31	0.0
-12.92	26.86	-12.33	0.0
-11.7	25.86	-5.89	0.0
-13.92	27.33	-1.78	0.0
-12.1	27.2	-2.79	0.0
-12.62	25.37	0.09	0.0
-12.74	25.95	-3.71	0.0
-13.1	24.94	-11.1	0.0
-13.72	26.36	-4.16	0.0
-13.48	27.69	4.19	0.0
-12.94	27.95	7.61	0.0
-13.11	28.25	-3.72	0.0
-13.69	27.92	-3.04	0.0
-13.29	27.16	-4.33	0.0
-13.81	28.38	-5.51	0.0
-14.04	27.96	-4.62	0.0
-13.49	27.69	-2.73	0.0
-13.51	27.49	-2.86	0.0
-13.65	28.7	-2.0	0.0
-12.46	29.58	-6.57	0.0
-14.11	28.55	-0.94	0.0
-14.22	27.9	-3.18	0.0
-12.79	28.75	-2.07	0.0
-13.22	27.52	-3.32	0.0
-11.38	28.7	-0.77	0.0
-11.86	28.61	-0.36	0.0
-12.7	29.29	-2.08	0.0
-12.57	28.19	-0.84	0.0
-12.24	29.55	-8.38	0.0
-13.57	29.35	-4.46	0.0
-14.65	28.44	-4.25	0.0
-14.64	28.74	-3.78	0.0
-13.65	29.47	-2.91	0.0
-12.38	29.27	-2.24	0.0
-14.33	28.37	-2.25	0.0
-13.19	29.95	-1.37	0.0
-13.35	30.0	0.6	0.0
-15.15	30.18	-0.17	0.0
-13.16	30.18	-2.09	0.0
-14.87	29.88	0.61	0.0
-15.07	29.32	1.41	0.0
-14.54	29.49	2.69	0.0
-13.88	27.97	-0.18	0.0
-13.9	30.34	-4.46	1.0
-14.74	31.59	-2.57	1.0
-15.2	30.67	1.05	1.0
-14.27	31.19	2.64	1.0
-14.51	28.82	1.12	1.0
-14.59	31.87	-7.59	1.0
-15.38	30.77	-3.58	1.0
-15.55	30.42	2.02	1.0
-14.3	29.99	2.75	1.0
-15.11	29.71	-7.99	1.0
-13.66	30.17	-11.01	1.0
-15.59	30.09	-4.47	1.0
-14.57	31.28	-1.76	1.0
-13.6	31.7	-6.47	1.0
-14.17	30.52	-6.73	1.0
-15.34	30.6	-2.95	1.0
-14.53	29.88	-5.93	1.0
-15.19	30.14	-7.24	1.0
-15.04	30.9	-13.81	1.0
-14.81	32.12	-4.16	1.0
-15.01	31.0	-2.16	1.0
-12.74	28.94	-13.26	1.0
-18.32	33.65	-8.3	1.0
-14.74	29.57	-8.32	1.0
-3.57	29.69	-2.11	1.0
3.41	28.18	3.65	1.0
3.86	27.34	1.42	1.0
7.81	29.02	-9.56	1.0
9.41	25.72	-8.51	1.0
10.95	26.15	-3.03	1.0
9.04	25.56	-9.56	1.0
11.8	25.45	-5.53	1.0
10.53	25.93	0.42	1.0
12.28	25.73	0.68	1.0
12.06	26.01	4.39	1.0
12.84	25.93	3.01	1.0
13.76	27.1	-4.33	1.0
12.66	30.21	-7.52	1.0
14.21	25.57	-16.74	1.0
14.46	26.03	-7.5	1.0
13.72	24.63	-3.18	1.0
14.02	24.69	-4.26	1.0
14.01	22.82	-2.91	1.0
13.13	26.02	3.05	1.0
13.38	25.55	-2.08	1.0
14.07	25.96	-0.74	1.0
14.43	24.53	-4.0	1.0
12.64	25.69	0.11	1.0
13.95	23.9	0.53	1.0
13.85	24.74	0.49	1.0
13.29	23.22	-0.73	1.0
11.07	24.71	0.45	1.0
13.21	24.51	-5.6	1.0
12.35	25.64	-6.34	0.0
11.63	25.3	-5.65	0.0
13.83	25.15	-7.64	0.0
11.54	24.8	-2.29	0.0
12.69	25.79	1.66	0.0
13.37	24.06	-1.12	0.0
12.12	23.54	2.34	0.0
10.46	23.71	-6.41	0.0
12.06	25.91	1.97	0.0
13.31	26.43	6.52	0.0
13.73	26.92	9.55	0.0
13.3	26.98	-5.89	0.0
13.94	25.85	-5.42	0.0
14.32	26.81	-5.42	0.0
13.49	26.0	-1.62	0.0
14.52	25.88	-5.49	0.0
13.57	27.64	0.52	0.0
13.61	28.59	-5.5	0.0
12.57	27.18	-4.04	0.0
11.32	25.19	0.78	0.0
12.74	26.16	-7.67	0.0
13.46	26.82	-3.51	0.0
9.74	24.96	-8.98	0.0
11.45	26.06	-7.98	0.0
11.79	26.52	-2.25	0.0
13.58	27.03	-7.87	0.0
12.2	27.14	-1.98	0.0
10.22	27.51	-3.62	0.0
12.25	26.66	0.39	0.0
12.19	28.08	-4.38	0.0
8.43	27.77	3.27	0.0
8.89	25.24	0.16	0.0
10.43	28.59	-1.48	0.0
11.09	35.11	2.51	0.0
8.76	34.29	-1.09	0.0
9.8	33.86	-1.78	0.0
10.27	34.29	3.41	0.0
8.56	35.05	7.67	0.0
7.78	33.11	-4.88	0.0
8.82	33.74	-3.68	0.0
9.94	34.61	-2.7	0.0
7.64	37.53	-2.42	0.0
9.61	34.52	-3.75	0.0
10.32	34.56	-3.15	0.0
10.18	34.36	-1.74	0.0
9.9	34.84	-4.31	0.0
10.22	33.6	0.83	0.0
7.31	33.74	1.5	0.0
8.88	35.1	-2.68	0.0
8.75	34.47	-1.45	0.0
8.51	35.09	-1.87	0.0
10.93	32.95	0.9	0.0
11.37	33.96	3.46	0.0
10.0	36.43	-3.21	0.0
9.1	35.67	1.41	0.0
9.36	33.89	-5.03	0.0
9.59	35.58	-1.07	0.0
8.13	34.05	-3.18	0.0
8.64	34.47	-4.75	0.0
9.54	35.37	-4.85	0.0
8.75	34.21	3.76	0.0
9.26	35.48	-5.53	0.0
7.67	35.81	-4.92	0.0
8.67	34.34	-3.64	0.0
7.93	32.17	-5.07	0.0
6.79	36.12	-1.22	0.0
7.47	34.76	-2.61	0.0
7.96	34.04	-4.73	0.0
7.04	34.44	-1.78	0.0
6.99	35.33	-1.93	0.0
8.16	34.16	-7.92	0.0
6.94	34.79	-5.71	0.0
7.76	34.89	-4.72	0.0
6.9	35.12	-7.09	0.0
6.22	34.06	-1.83	0.0
6.33	34.39	-2.09	0.0
8.88	35.91	-0.51	0.0
6.84	35.52	5.61	0.0
7.36	37.25	-0.6	0.0
7.94	36.3	-4.48	0.0
7.51	36.14	-1.55	0.0
6.75	36.07	0.95	0.0
6.19	35.41	2.03	0.0
4.3	36.86	-2.42	0.0
7.3	35.89	-3.76	0.0
7.28	34.67	-5.88	0.0
9.03	36.71	-4.72	0.0
7.28	35.85	-7.35	0.0
6.97	35.32	-3.67	0.0
6.66	34.54	-2.28	0.0
6.43	35.04	-0.4	0.0
8.16	35.73	-5.62	0.0
6.22	34.82	0.64	0.0
6.63	35.66	-3.63	0.0
5.84	36.51	-3.76	0.0
7.04	36.51	-0.71	0.0
6.04	35.02	-0.94	0.0
6.2	36.13	-0.13	0.0
5.34	36.39	-2.18	0.0
6.21	35.82	3.57	0.0
4.56	35.89	-0.26	0.0
6.42	36.08	-3.33	0.0
5.94	36.5	-3.28	0.0
5.34	36.11	-3.34	0.0
6.2	36.34	-3.9	0.0
4.74	37.1	-5.95	0.0
4.81	36.03	-1.87	0.0
5.62	35.38	-6.08	0.0
4.28	36.91	-0.97	0.0
5.61	35.09	-4.48	0.0
2.59	38.14	-4.07	0.0
6.06	38.18	-3.54	0.0
4.74	36.0	0.58	0.0
4.86	37.2	-3.92	0.0
3.53	35.88	-3.34	0.0
3.92	36.74	-2.9	0.0
4.13	37.21	-3.58	0.0
3.21	36.36	-0.49	0.0
3.84	37.5	-6.73	0.0
4.12	38.47	-2.57	0.0
3.49	37.78	2.97	0.0
4.64	35.84	1.57	0.0
3.39	37.73	-1.72	0.0
1.78	37.79	-2.06	0.0
3.52	37.85	-8.33	0.0
2.53	37.46	-6.13	0.0
2.7	38.02	-1.38	0.0
2.68	37.1	0.88	0.0
4.64	37.71	0.43	0.0
3.44	36.74	3.94	0.0
1.9	36.53	-1.36	0.0
3.85	37.53	-4.1	0.0
4.44	38.43	-1.67	0.0
2.67	39.61	0.4	0.0
1.82	37.75	0.67	0.0
3.04	37.89	0.88	0.0
3.11	38.8	3.01	0.0
2.66	37.94	1.46	0.0
2.92	37.62	-1.33	0.0
0.92	37.13	-3.27	0.0
1.87	38.55	-4.29	0.0
2.72	38.84	3.25	0.0
1.88	38.58	-1.95	0.0
3.42	38.58	-2.42	0.0
3.52	37.13	-6.66	0.0
2.04	39.22	-2.52	0.0
2.93	38.37	3.65	0.0
3.1	40.69	2.01	0.0
0.21	39.97	-6.99	0.0
1.9	38.85	-2.6	0.0
1.98	38.8	-2.49	0.0
2.9	38.49	-6.78	0.0
0.83	39.2	-3.33	0.0
0.98	38.79	-4.66	0.0
0.69	37.97	-1.63	0.0
0.47	39.79	-2.51	0.0
1.01	39.96	-6.21	0.0
-0.17	39.89	-3.13	0.0
-0.03	38.86	-0.73	0.0
0.11	39.5	-0.44	0.0
0.23	39.71	-0.95	0.0
-0.08	40.49	0.9	0.0
0.23	39.78	-4.91	0.0
0.67	40.27	-3.51	0.0
-1.56	41.19	0.99	0.0
-0.84	40.37	-5.59	0.0
-0.78	40.0	-3.44	0.0
-2.11	40.77	-4.16	0.0
-0.55	38.45	-5.3	0.0
0.93	39.53	-4.98	0.0
-0.58	39.22	-4.27	0.0
-1.99	40.21	0.35	0.0
-0.51	41.36	-6.25	0.0
0.02	39.95	-3.72	0.0
1.75	41.02	2.25	0.0
2.25	39.62	0.98	0.0
0.48	41.52	1.15	0.0
-0.3	41.97	7.7	0.0
-0.04	41.88	1.52	0.0
-1.6	42.25	2.05	0.0
-1.06	41.76	-1.36	0.0
-0.78	41.8	-1.25	0.0
-1.32	41.77	-0.82	0.0
-2.22	41.36	1.46	0.0
-1.22	40.8	3.2	0.0
0.07	42.58	0.4	0.0
-1.45	41.24	4.89	0.0
-1.57	41.52	1.61	0.0
-1.78	42.83	-1.54	0.0
-1.2	42.25	0.35	0.0
-1.66	42.66	-1.01	0.0
-0.87	43.62	3.32	0.0
-0.51	43.46	1.99	0.0
-0.72	43.27	3.0	0.0
-2.77	43.72	1.35	0.0
-1.22	45.59	0.13	0.0
-2.06	41.52	-1.38	0.0
-1.3	42.4	-4.63	0.0
-1.71	43.04	1.32	0.0
-0.88	43.23	-1.04	0.0
-2.72	43.13	-4.3	0.0
-1.79	43.56	-0.24	0.0
-1.98	42.23	0.81	0.0
-2.29	42.88	8.63	0.0
-3.03	45.13	2.47	0.0
-1.28	44.25	1.86	0.0
-3.01	43.3	2.98	0.0
-1.0	43.92	4.06	0.0
-0.98	45.12	2.7	0.0
-0.61	43.72	1.15	0.0
-0.66	44.17	-0.27	0.0
-1.03	45.41	1.0	0.0
-0.42	45.58	2.11	0.0
-0.67	43.6	-0.08	0.0
-3.5	46.38	8.75	1.0
-1.74	48.55	5.73	1.0
-0.96	46.3	2.0	1.0
0.02	43.19	5.22	1.0
0.45	46.58	5.9	1.0
0.15	44.68	7.28	1.0
-2.32	45.15	-0.78	1.0
-1.02	46.01	0.96	1.0
-1.4	46.1	3.57	1.0
-1.87	45.57	1.91	1.0
-1.52	46.21	1.96	1.0
-1.7	46.38	6.13	1.0
-1.27	46.47	7.53	1.0
-1.22	47.9	2.61	1.0
0.31	46.58	3.12	1.0
0.35	46.24	1.13	1.0
0.19	46.63	2.02	1.0
2.22	45.55	2.59	1.0
4.48	42.9	2.58	1.0
2.5	44.04	0.43	1.0
3.68	44.5	-3.12	1.0
3.72	44.19	0.14	1.0
5.59	43.4	-0.92	1.0
7.21	45.36	1.98	1.0
4.52	44.36	-4.45	1.0
5.87	43.98	0.47	1.0
5.12	42.76	5.84	1.0
4.94	41.21	-1.83	1.0
5.71	44.47	0.42	1.0
5.46	43.72	-0.23	1.0
5.1	43.69	-3.96	1.0
4.47	44.22	-2.92	1.0
4.79	44.83	-5.15	0.0
5.03	44.31	-0.2	0.0
5.66	44.1	-3.73	0.0
4.79	44.83	1.31	0.0
3.9	44.54	-0.94	0.0
4.6	44.4	1.67	0.0
5.87	44.38	1.64	0.0
4.97	44.1	-1.25	0.0
1.56	46.24	-0.63	0.0
3.37	45.74	-7.22	0.0
4.55	45.87	-3.0	0.0
3.59	46.77	3.32	0.0
4.55	44.51	0.26	0.0
2.99	44.96	3.27	0.0
4.43	45.95	3.45	0.0
4.83	45.96	3.45	0.0
5.32	45.47	-0.42	0.0
4.93	46.39	-1.44	0.0
4.63	46.34	0.64	0.0
7.57	45.43	1.73	0.0
5.88	45.79	-0.65	0.0
6.4	46.73	3.2	0.0
6.0	45.8	3.03	0.0
5.1	47.13	4.67	0.0
4.28	46.66	1.74	0.0
4.73	47.38	2.14	0.0
4.19	47.36	1.82	0.0
3.87	46.9	-1.93	0.0
4.27	46.72	2.39	0.0
5.78	47.9	1.36	0.0
3.98	47.45	1.25	0.0
3.75	46.65	-3.04	0.0
4.92	47.11	-2.54	0.0
3.97	46.8	-7.02	0.0
4.2	45.62	-4.4	0.0
2.89	46.91	-10.32	0.0
1.65	47.16	-2.66	0.0
5.27	47.69	-2.79	0.0
4.86	47.57	-4.48	0.0
2.44	48.0	-0.19	0.0
4.44	48.48	-3.77	0.0
2.34	47.27	-2.5	0.0
2.55	47.33	2.1	0.0
0.98	46.69	0.57	0.0
3.61	47.12	-5.17	0.0
4.54	46.71	3.95	0.0
2.66	47.45	-3.53	0.0
2.58	47.47	-1.68	0.0
4.73	48.1	3.43	0.0
5.41	48.21	0.29	0.0
4.87	48.62	-2.38	0.0
5.3	47.6	1.21	0.0
3.64	48.89	-4.21	0.0
2.79	46.57	-6.26	0.0
1.55	48.61	2.15	0.0
1.03	46.65	-0.1	0.0
2.16	49.07	0.34	0.0
2.44	48.28	-2.88	0.0
3.33	48.92	-6.93	0.0
2.08	47.73	0.47	0.0
0.87	48.89	-9.26	0.0
0.62	49.29	-11.56	0.0
1.2	50.82	-4.54	0.0
2.77	50.1	0.43	0.0
2.18	47.25	1.74	0.0
2.4	47.97	0.67	0.0
4.72	48.09	-4.02	0.0
2.13	48.07	-8.85	0.0
1.02	49.32	1.48	0.0
0.51	51.46	-0.41	0.0
1.44	50.9	-8.11	0.0
1.7	48.62	-1.6	0.0
1.45	49.77	-3.33	0.0
2.89	50.19	2.83	0.0
1.59	50.17	6.58	0.0
1.17	51.48	5.3	0.0
1.94	50.87	9.58	0.0
2.26	52.06	0.3	0.0
3.93	50.79	-3.45	0.0
4.73	49.39	-1.97	0.0
5.66	51.2	1.9	0.0
3.87	50.06	7.31	0.0
3.93	50.62	3.5	0.0
3.27	50.39	0.16	0.0
4.87	51.24	1.91	0.0
3.0	52.44	7.85	0.0
3.47	50.85	3.37	0.0
3.85	51.67	-0.19	0.0
3.38	51.14	0.3	0.0
5.77	52.2	9.61	0.0
4.16	51.51	6.2	0.0
3.46	50.87	0.97	0.0
4.28	51.01	0.4	0.0
3.02	51.77	1.8	0.0
3.97	52.22	1.74	0.0
4.25	53.16	3.68	0.0
4.45	53.19	-2.24	0.0
7.01	54.35	13.84	0.0
3.07	51.09	2.98	0.0
1.95	52.27	1.55	0.0
2.97	51.32	0.15	0.0
4.92	51.38	9.99	0.0
2.08	52.49	0.36	0.0
2.32	52.86	1.88	0.0
3.88	51.73	4.2	0.0
6.29	52.4	6.21	0.0
5.89	53.4	2.45	0.0
6.82	51.8	2.55	0.0
4.22	51.46	6.28	0.0
3.59	53.68	11.97	0.0
0.24	52.98	5.38	0.0
1.96	54.05	0.61	0.0
-0.71	51.79	-6.47	0.0
1.72	51.66	-1.76	0.0
1.76	49.71	-4.72	0.0
0.97	49.74	7.84	0.0
0.29	59.55	-6.85	0.0
6.14	53.6	-1.37	0.0
1.51	53.43	2.74	0.0
2.36	52.98	-2.63	0.0
3.35	52.03	8.76	0.0
2.51	50.72	3.95	0.0
2.05	52.79	-0.07	0.0
1.9	53.38	4.38	0.0
1.47	53.84	-5.45	0.0
-0.22	53.52	2.35	0.0
0.73	53.62	4.65	0.0
1.09	53.08	7.66	0.0
-1.84	54.59	-3.35	0.0
2.37	53.52	6.43	0.0
0.59	54.26	-4.4	0.0
0.34	53.89	2.1	0.0
0.41	53.38	2.61	0.0
1.14	54.38	0.68	0.0
-0.49	54.64	0.79	0.0
3.29	55.66	6.29	0.0
1.49	54.92	3.65	0.0
-3.2	51.38	-7.21	0.0
0.46	54.65	-4.18	0.0
1.28	55.1	5.35	0.0
-0.31	53.88	-2.96	0.0
-1.86	55.62	-8.18	0.0
1.3	55.54	-5.32	0.0
0.27	55.68	-4.3	0.0
-0.7	55.32	7.21	0.0
-1.99	54.53	5.12	0.0
2.91	55.69	0.49	0.0
0.37	55.05	-3.74	0.0
-2.23	54.06	-6.45	0.0
-1.03	56.98	-0.44	0.0
0.91	55.88	2.09	0.0
0.33	55.76	-2.43	0.0
-1.03	55.46	-0.57	0.0
-0.63	55.68	1.64	0.0
-1.37	56.33	-2.98	0.0
-3.11	55.47	-1.7	0.0
0.67	57.53	-0.25	0.0
-1.44	55.83	0.53	0.0
-0.3	55.01	0.38	0.0
0.75	54.68	3.01	0.0
-1.93	56.62	1.94	0.0
-2.82	53.19	0.61	0.0
-2.65	56.93	1.39	0.0
0.25	55.14	4.49	0.0
-3.21	57.28	1.59	0.0
-4.34	57.27	-3.4	0.0
-3.02	57.57	-13.17	0.0
-7.44	57.75	-5.07	0.0
-2.02	56.29	0.89	0.0
-0.69	59.89	-5.6	0.0
-1.88	57.52	-0.09	0.0
-1.35	56.38	-6.67	0.0
-9.26	56.95	1.17	0.0
-4.85	56.63	1.49	0.0
-5.72	55.29	8.22	0.0
-4.66	54.75	11.31	0.0
-2.35	55.81	3.61	0.0
-6.11	57.81	6.06	0.0
-3.9	58.27	7.77	0.0
-4.09	57.82	2.18	0.0
-4.35	57.65	7.51	0.0
-3.31	57.81	3.0	0.0
-4.51	58.31	8.42	0.0
-4.66	58.87	7.51	0.0
-5.43	57.31	2.86	0.0
-2.56	55.85	11.39	0.0
-3.47	57.7	5.72	0.0
-3.69	59.28	7.36	0.0
-4.62	59.17	8.34	0.0
-3.93	58.03	14.4	0.0
-3.12	57.36	13.14	0.0
-2.15	57.49	8.07	0.0
-4.4	58.08	7.44	0.0
-4.39	58.35	9.53	0.0
-3.76	58.96	8.56	0.0
-5.07	57.69	1.2	0.0
-5.94	58.17	-4.13	0.0
-3.63	59.48	12.15	0.0
-4.72	59.84	12.0	0.0
-4.7	59.64	3.11	0.0
-4.44	61.17	14.76	0.0
-5.63	60.19	-0.65	0.0
-5.46	57.94	3.26	0.0
-5.62	59.2	18.83	0.0
-7.01	58.13	4.27	0.0
-5.32	59.62	5.13	0.0
-6.25	58.66	8.8	0.0
-4.11	61.27	-1.62	0.0
-5.93	58.31	3.24	0.0
-4.75	56.27	-4.89	0.0
-5.7	60.22	-0.12	0.0
-5.92	58.19	0.15	0.0
-5.83	58.94	1.47	0.0
-6.39	60.15	5.37	0.0
-5.59	59.68	6.23	0.0
-5.66	59.57	5.45	0.0
-6.34	59.76	8.19	0.0
-6.04	60.8	11.84	0.0
-7.87	60.54	11.47	0.0
-5.78	61.44	10.87	0.0
-5.35	61.0	7.64	0.0
-5.3	61.43	0.92	0.0
-5.06	60.2	4.65	0.0
-5.66	59.78	2.37	0.0
-4.34	60.23	5.23	0.0
-6.0	58.6	6.23	0.0
-6.22	59.27	10.9	0.0
-5.86	60.7	21.41	0.0
-5.54	60.18	7.54	0.0
-5.66	58.16	11.04	0.0
-6.3	60.01	9.39	0.0
-6.36	59.41	9.02	0.0
-9.11	58.18	11.61	0.0
-7.09	58.83	12.21	0.0
-5.37	58.2	6.21	0.0
-6.55	59.07	6.91	0.0
-6.91	60.46	11.51	0.0
-7.19	60.4	10.33	0.0
-6.71	59.98	8.28	0.0
-7.36	58.66	6.47	0.0
-8.16	60.94	6.31	0.0
-6.6	58.97	4.72	0.0
-7.25	60.61	5.61	0.0
-7.74	60.51	7.05	0.0
-7.9	60.99	5.74	0.0
-9.24	59.84	3.55	0.0
-8.24	60.8	11.42	0.0
-8.36	60.29	2.14	0.0
-6.8	61.26	2.9	0.0
-8.02	61.9	4.24	0.0
-7.21	60.35	2.59	0.0
-6.51	60.56	4.54	0.0
-6.46	59.06	14.78	0.0
-5.32	58.59	18.88	0.0
-6.52	60.68	1.98	0.0
-7.13	60.89	11.11	0.0
-8.27	60.25	11.34	0.0
-7.28	60.14	10.16	0.0
-7.11	61.27	10.11	0.0
-7.04	60.88	10.73	0.0
-7.3	60.75	7.23	0.0
-7.25	60.92	1.62	0.0
-8.98	59.56	12.9	0.0
-6.94	61.08	9.7	0.0
-8.41	60.55	7.35	0.0
-7.27	61.35	3.81	0.0
-7.75	59.98	12.32	0.0
-8.05	60.62	14.2	0.0
-8.55	60.61	8.79	0.0
-9.0	61.48	5.87	0.0
-9.87	62.1	7.03	0.0
-9.18	61.86	9.71	0.0
-11.23	60.2	3.65	0.0
-10.43	60.94	1.66	0.0
-11.27	60.77	1.21	0.0
-8.73	62.15	2.45	0.0
-9.43	61.78	4.65	0.0
-9.28	61.58	8.58	0.0
-8.67	61.66	12.98	0.0
-8.37	62.63	8.68	0.0
-10.28	62.14	7.47	0.0
-10.65	63.32	10.15	0.0
-10.82	63.91	12.16	0.0
-10.65	62.34	4.01	0.0
-10.82	61.08	8.56	0.0
-10.77	61.31	7.04	0.0
-11.2	62.33	10.53	0.0
-11.26	62.16	5.08	0.0
-11.27	62.54	9.19	0.0
-10.81	62.52	11.32	0.0
-10.14	61.95	7.96	0.0
-10.9	61.85	1.45	0.0
-11.1	63.29	9.17	0.0
-11.56	61.55	7.17	0.0
-12.18	62.85	4.87	0.0
-12.09	63.32	6.56	0.0
-10.43	61.96	12.09	0.0
-11.79	66.6	7.69	0.0
-12.13	62.82	6.03	0.0
-10.59	63.92	8.73	0.0
-10.8	63.76	5.39	0.0
-12.53	63.6	2.38	0.0
-12.55	64.31	8.84	0.0
-12.02	64.23	7.66	0.0
-11.04	64.27	8.89	0.0
-11.72	64.78	12.56	0.0
-10.75	64.22	5.91	0.0
-12.96	64.96	1.17	0.0
-11.41	64.05	7.14	0.0
-11.8	65.36	11.29	0.0
-14.86	66.59	10.03	0.0
-12.82	66.02	10.14	0.0
-11.32	65.81	10.91	0.0
-11.29	65.73	7.74	0.0
-12.3	66.13	6.74	0.0
-12.17	65.54	8.44	0.0
-12.95	65.89	2.66	0.0
-11.18	64.95	1.51	0.0
-11.99	65.02	10.3	0.0
-12.0	66.35	6.74	0.0
-12.5	65.83	11.52	0.0
-12.25	65.95	8.64	0.0
-12.69	65.22	6.43	0.0
-13.0	65.28	4.92	0.0
-13.17	65.29	9.18	0.0
-12.25	66.31	10.42	0.0
-12.69	67.3	6.99	0.0
-13.35	67.25	6.7	0.0
-12.56	65.88	5.65	0.0
-11.92	67.71	5.37	0.0
-12.0	68.26	13.3	0.0
-11.29	65.72	1.25	0.0
-12.7	67.18	2.54	0.0
-15.48	66.21	0.62	0.0
-13.64	66.42	5.44	0.0
-13.26	66.65	-2.4	0.0
-14.73	66.14	2.03	0.0
-14.76	66.17	10.64	0.0
-11.86	65.52	11.42	0.0
-12.9	64.56	10.77	0.0
-12.6	67.02	7.38	0.0
-13.63	66.83	10.87	0.0
-14.61	65.63	8.21	0.0
-13.77	66.67	5.36	0.0
-12.33	67.46	5.1	0.0
-14.0	68.12	6.91	0.0
-12.61	68.24	7.09	0.0
-14.42	67.37	6.4	0.0
-13.52	66.07	5.23	0.0
-14.46	68.57	1.33	0.0
-15.45	68.56	4.98	0.0
-14.94	68.22	1.08	0.0
-15.0	69.18	6.75	0.0
-14.39	68.73	7.21	0.0
-14.58	68.4	6.95	0.0
-14.88	67.93	8.66	0.0
-14.34	67.54	9.94	0.0
-13.77	67.73	6.61	0.0
-13.52	68.8	13.3	0.0
-14.3	67.55	5.25	0.0
-14.7	68.3	4.87	0.0
-14.2	68.49	6.88	0.0
-16.3	67.91	1.15	0.0
-15.63	68.41	9.22	0.0
-16.41	69.35	2.98	0.0
-14.72	70.51	9.53	0.0
-13.09	66.54	9.81	0.0
-16.97	67.07	-2.17	0.0
-15.52	71.54	4.67	0.0
-15.37	68.38	-2.96	0.0
-13.55	69.19	2.37	0.0
-13.99	68.96	4.08	0.0
-15.8	68.4	-3.25	0.0
-15.37	69.17	-3.33	0.0
-13.2	69.83	3.4	0.0
-14.71	69.96	9.97	0.0
-15.37	68.16	10.68	0.0
-13.85	68.41	13.82	0.0
-14.33	69.57	6.5	0.0
-16.35	69.91	4.9	0.0
-15.07	70.49	4.38	0.0
-13.9	70.97	4.71	0.0
-13.78	69.63	9.5	0.0
-14.95	69.45	9.44	0.0
-15.06	69.52	12.61	0.0
-14.33	72.24	8.71	0.0
-13.72	69.95	3.18	0.0
-14.12	69.34	5.71	0.0
-14.26	70.89	7.23	0.0
-14.5	70.69	1.38	0.0
-12.94	71.03	9.28	0.0
-13.02	71.13	8.77	0.0
-13.62	71.02	5.14	0.0
-12.68	71.57	14.54	0.0
-12.26	70.62	12.74	0.0
-12.0	70.73	14.91	0.0
-14.68	70.05	9.34	0.0
-13.63	72.59	7.87	0.0
-13.61	72.28	8.44	0.0
-13.43	72.07	4.22	0.0
-12.81	72.83	0.73	0.0
-12.58	70.97	1.59	0.0
-15.73	69.38	7.03	0.0
-17.58	74.66	16.3	0.0
-12.45	71.5	2.46	0.0
-14.7	71.67	7.3	0.0
-14.25	71.71	7.5	0.0
-13.71	70.42	10.6	0.0
-13.71	72.11	14.94	0.0
-12.33	72.81	7.54	0.0
-12.86	72.6	15.18	0.0
-15.2	73.41	14.25	0.0
-12.28	72.73	11.17	0.0
-13.72	72.87	8.37	0.0
-14.21	73.33	6.06	0.0
-12.9	72.46	10.59	0.0
-14.8	72.49	9.68	0.0
-13.66	72.59	10.46	0.0
-15.5	70.03	8.73	0.0
-13.72	71.8	5.77	0.0
-14.9	71.19	6.94	0.0
-13.77	71.66	8.93	0.0
-13.69	72.87	6.03	0.0
-13.98	70.79	4.05	0.0
-14.26	71.22	11.76	0.0
-15.42	70.88	7.86	0.0
-14.97	71.93	0.96	0.0
-14.42	69.67	-0.5	0.0
-15.16	69.46	7.87	0.0
-11.74	70.95	11.38	0.0
-10.67	70.71	8.77	0.0
-11.79	72.9	10.07	0.0
-16.07	73.05	6.71	0.0
-14.75	72.74	6.97	0.0
-16.46	72.32	9.53	0.0
-13.13	71.34	13.62	0.0
-15.14	73.64	17.45	0.0
-17.34	71.82	10.39	0.0
-15.3	70.94	5.98	0.0
-15.75	71.84	9.79	0.0
-16.74	71.92	7.86	0.0
-15.78	75.28	12.03	0.0
-16.7	72.96	8.35	0.0
-13.01	72.08	8.58	0.0
-15.95	75.91	14.44	0.0
-14.09	72.86	8.42	0.0
-14.08	72.88	14.71	0.0
-12.98	73.04	8.08	0.0
-15.49	73.85	11.97	0.0
-18.76	71.59	15.32	0.0
-17.48	71.9	8.07	0.0
-16.22	74.1	13.53	0.0
-15.93	73.85	9.2	0.0
-16.42	74.7	8.25	0.0
-14.67	73.24	6.4	0.0
-14.75	73.48	10.18	0.0
-15.0	72.65	6.82	0.0
-17.39	74.14	9.77	0.0
-14.86	75.12	16.36	0.0
-16.36	73.69	9.34	0.0
-18.22	75.59	15.18	0.0
-15.31	75.97	13.44	0.0
-18.39	74.22	10.06	0.0
-18.07	74.95	1.23	0.0
-18.88	73.63	4.71	0.0
-17.42	74.15	9.79	0.0
-19.75	74.18	9.63	0.0
-19.72	73.97	6.12	0.0
-18.6	73.81	5.45	0.0
-18.09	72.94	5.96	0.0
-18.84	73.16	5.57	0.0
-17.49	72.89	9.05	0.0
-17.48	73.28	5.79	0.0
-18.07	73.99	1.06	0.0
-18.58	74.2	10.06	0.0
-18.42	72.9	4.91	0.0
-18.85	73.54	8.28	0.0
-19.3	74.8	1.92	0.0
-18.13	73.24	1.31	0.0
-21.32	74.88	4.12	0.0
-22.66	72.09	-2.59	0.0
-20.98	76.77	4.58	0.0
-22.49	74.8	5.78	0.0
-17.15	72.78	11.46	0.0
-21.83	76.33	6.02	0.0
-18.15	76.72	-2.82	0.0
-17.67	74.94	-0.89	0.0
-17.59	74.53	7.98	0.0
-20.9	74.38	5.99	0.0
-18.44	76.07	9.71	0.0
-17.71	73.74	6.49	0.0
-18.76	75.21	1.14	0.0
-18.97	76.07	1.59	1.0
-19.67	77.49	11.08	1.0
-19.51	76.05	4.29	1.0
-20.05	75.64	3.95	1.0
-19.69	77.69	6.17	1.0
-17.99	76.28	3.98	1.0
-16.97	76.25	-0.5	1.0
-16.91	76.1	6.11	1.0
-17.41	76.18	6.25	1.0
-19.26	77.31	11.64	1.0
-21.73	76.33	3.46	1.0
-17.82	76.87	11.87	1.0
-19.8	77.76	5.65	1.0
-20.11	77.05	1.8	1.0
-18.53	77.81	9.69	1.0
-19.76	76.96	3.26	1.0
-19.29	78.03	5.42	1.0
-19.46	78.24	9.58	1.0
-16.26	78.0	10.25	1.0
-17.56	77.97	10.91	1.0
-18.21	77.75	9.33	1.0
-19.68	76.8	10.62	1.0
-15.92	76.27	16.28	1.0
-15.56	75.33	12.52	1.0
-14.65	75.52	11.24	1.0
-16.01	74.05	0.85	1.0
-12.17	70.29	2.18	1.0
-7.76	68.83	4.82	1.0
-2.02	68.24	14.69	1.0
4.35	66.09	12.64	1.0
5.46	64.12	4.76	1.0
3.71	63.62	2.55	1.0
8.99	61.48	-0.69	1.0
8.89	61.37	-0.98	1.0
7.11	62.11	5.58	1.0
9.58	60.51	-0.79	1.0
9.01	61.16	-4.9	1.0
9.7	61.72	3.51	1.0
11.81	59.0	7.4	1.0
12.92	60.1	-2.38	1.0
10.82	62.53	-7.16	1.0
10.91	60.59	-5.72	1.0
10.88	60.95	1.13	1.0
14.35	61.5	0.65	1.0
15.09	61.37	5.54	1.0
15.74	59.22	0.49	1.0
18.51	58.2	1.73	1.0
17.28	58.18	0.89	1.0
17.87	56.26	6.31	1.0
21.23	55.85	7.92	1.0
21.54	56.54	9.73	1.0
21.69	55.89	3.67	1.0
22.11	58.32	3.98	1.0
21.24	55.71	-1.25	1.0
22.33	55.99	8.56	1.0
22.31	54.33	0.82	1.0
18.05	56.25	10.32	1.0
22.28	58.38	-2.04	1.0
18.12	58.59	-0.23	1.0
21.2	59.83	3.04	1.0
23.11	56.33	3.16	1.0
22.27	56.67	5.87	1.0
22.42	56.4	0.28	1.0
22.53	56.11	4.99	1.0
21.93	57.48	4.44	1.0
22.31	55.49	13.86	0.0
22.2	55.39	1.86	0.0
21.0	55.19	9.75	0.0
19.36	57.44	5.01	0.0
22.55	57.86	-2.09	0.0
15.69	57.98	-8.85	0.0
19.02	57.32	-1.81	0.0
20.81	55.19	-1.81	0.0
18.52	55.05	-5.35	0.0
17.97	57.61	-0.61	0.0
17.68	58.31	1.17	0.0
19.14	54.07	0.79	0.0
21.82	56.89	6.75	0.0
20.52	55.95	2.22	0.0
20.1	55.86	5.89	0.0
21.01	57.01	8.1	0.0
22.63	57.83	5.32	0.0
19.85	56.31	4.95	0.0
20.92	56.54	1.04	0.0
21.16	57.95	8.74	0.0
18.2	57.04	3.77	0.0
19.23	58.56	4.31	0.0
21.63	54.06	7.3	0.0
18.3	58.74	12.28	0.0
19.81	56.2	-3.63	0.0
19.59	56.78	-4.72	0.0
18.3	59.7	-4.28	0.0
20.65	56.72	3.69	0.0
20.79	56.35	1.36	0.0
21.03	58.07	7.12	0.0
20.88	58.74	1.25	0.0
20.67	57.65	-1.71	0.0
21.43	58.11	2.52	0.0
19.81	55.98	1.27	0.0
19.92	57.94	5.6	0.0
20.61	57.82	6.91	0.0
20.79	59.84	-0.35	0.0
21.61	57.83	5.54	0.0
21.33	58.79	10.46	0.0
17.52	57.82	-2.07	0.0
18.38	58.13	-1.74	0.0
16.35	58.97	-0.4	0.0
18.6	59.0	1.38	0.0
19.84	58.68	1.32	0.0
18.69	57.52	5.58	0.0
16.59	57.84	-1.82	0.0
19.64	59.64	3.24	0.0
19.28	59.52	0.44	0.0
20.18	57.55	0.52	0.0
18.74	58.33	3.39	0.0
19.84	58.53	5.42	0.0
15.26	59.47	-2.0	0.0
20.0	58.72	3.86	0.0
20.52	59.19	6.05	0.0
18.51	58.87	6.46	0.0
18.27	59.17	6.64	0.0
18.45	58.55	1.52	0.0
20.55	59.5	12.5	0.0
19.54	58.8	5.85	0.0
16.96	60.1	-0.86	0.0
18.32	59.5	4.8	0.0
18.09	58.18	0.29	0.0
18.12	57.9	6.07	0.0
18.26	58.72	0.2	0.0
15.56	59.55	-0.68	0.0
19.17	59.06	2.76	0.0
16.68	59.23	-3.78	0.0
17.91	60.91	12.0	0.0
17.96	59.66	-4.1	0.0
17.67	60.42	2.9	0.0
17.45	61.09	4.64	0.0
16.7	59.59	-4.12	0.0
15.38	59.26	0.09	0.0
17.93	60.69	6.23	0.0
16.76	59.89	6.52	0.0
18.73	61.64	4.49	0.0
16.77	61.58	3.99	0.0
16.39	61.09	0.63	0.0
16.35	60.38	1.26	0.0
16.07	60.64	0.68	0.0
16.01	60.93	3.32	0.0
15.46	60.87	10.33	0.0
16.94	61.56	1.96	0.0
16.87	60.38	2.92	0.0
15.36	62.55	-1.7	0.0
15.28	61.83	0.01	0.0
15.16	61.72	-3.14	0.0
16.2	62.79	0.76	0.0
14.53	62.19	8.69	0.0
15.52	63.72	3.33	0.0
14.48	62.01	2.13	0.0
16.01	62.17	4.09	0.0
14.96	62.2	5.08	0.0
15.09	63.06	6.58	0.0
17.87	62.38	4.73	0.0
15.67	62.56	-0.4	0.0
12.11	63.09	-3.09	0.0
14.47	64.24	6.25	0.0
13.86	61.99	1.64	0.0
14.45	62.82	-0.97	0.0
14.82	63.3	2.77	0.0
15.2	62.44	-3.13	0.0
15.7	62.15	-0.86	0.0
14.58	64.61	-1.01	0.0
15.43	63.74	1.18	0.0
16.82	64.81	0.73	0.0
17.1	63.66	2.58	0.0
17.7	64.63	-0.43	0.0
16.61	64.51	2.74	0.0
18.44	63.95	1.18	0.0
13.08	63.41	5.33	0.0
16.13	63.5	-2.05	0.0
15.15	63.98	1.51	0.0
14.16	64.33	1.24	0.0
14.31	64.83	2.35	0.0
15.85	64.14	2.93	0.0
14.58	65.21	-0.96	0.0
14.36	63.9	2.22	0.0
15.18	64.97	3.33	0.0
14.6	64.13	8.69	0.0
13.6	71.32	8.62	0.0
15.01	64.79	6.3	0.0
16.11	63.91	0.16	0.0
15.41	64.82	-1.95	0.0
15.55	65.42	-0.74	0.0
15.13	64.59	2.43	0.0
13.69	65.84	3.19	0.0
14.41	64.36	1.81	0.0
13.92	64.92	-1.97	0.0
13.67	64.34	4.72	0.0
12.92	64.92	3.05	0.0
12.55	64.09	-0.86	0.0
10.95	65.63	-4.32	0.0
11.13	66.28	-4.41	0.0
12.59	66.55	-1.19	0.0
